{"type":"FeatureCollection","features":[{"type":"Feature","id":"511603","properties":{"name":"前锋区","cp":[106.893277,30.4963],"childNum":1},"geometry":{"type":"Polygon","coordinates":["@@BAB@@A@@@AB@@BB@B@@@@@B@B@B@B@@@@B@@@@B@@BB@@AB@B@B@@@B@@A@@B@B@@@B@@@AA@@@@@A@@@@BEBADAFA@@@A@AAA@ADAB@DBBA@@BB@@@BB@@BB@BAB@@@@B@@@BBBB@@B@B@@@@B@B@B@@DB@B@BBBBDABADCBAD@B@DBB@@ABABCBABAB@B@DBB@D@B@B@@@@A@@B@@@@@@@B@@@B@DA@@B@@@@@B@@@@@B@@B@@@@@@BBB@@@BB@BB@@@B@@@@@B@@BB@@@B@H@@@@@@@B@@@@@@@B@@@@@B@@@@BB@DB@BB@B@@B@@@@B@@@@@B@@@DBB@@@B@@@@@@@B@@@@@@@B@@@@A@@BA@@@@B@@@@@@@BA@@@@B@@@@@B@@@@@@@@@B@@@@@@@@@B@@@@@@@B@@@@@B@@A@@B@@@@@B@@@@@@BB@B@DBB@@ACMAIACCCAAAEAKAACE@ABA@E@GI]AM@CACA@CAAA@A@A@Q@MAAAC@CAC@AAEEACCIAKAMBMFC@CA@ABGAA@ACAICCAACAEFOAE@E@CBEBAHEBC@@@A@C@AAA@ADAA@@AA@KMCGCKCKCGEG[aOMEE@@AEAAAAAACAE@E@C@CBABC@@ACACCCC@AACAAAA@AGEICEACAA@@@AB@D@DADABCDEDKHGDGBE@EDA@CB@B@B@D@BABC@CAC@A@A@EBEDADIDEBABA@A@E@@@C@A@@@AD@L@D@B@DABA@ABADGBABE@A@AAA@A@C@A@A@A@MCA@A@@@ABA@AAA@AAAAA@A@@B@@AB@@@@A@@@@A@A@@@@@AB@@@@AA@@@A@@@A@@B@@@BA@@D@@A@@@@@A@@@A@@@@@@@@@@BB@B@@BBB@@A@@BA@A@A@@@AAAAAA@@@A@@@A@@@@@@A@E@A@@@A@@@@ABAA@AA@AAA@A@@@@A@ABA@C@@AA@@A@@@@@@AA@ABA@@BA@@BAB@@@@@@A@@AAAAA@AA@@A@C@A@E@E@CAEBGBG@E@A@@@C@@@A@A@C@ABAAA@A@@AA@GHMNEHIDG@IEGMAOCEIEEBKFEHIJGFQJKFKAKAG@AB@BBDDDNLNNBFAHEFIHGFAFDFDDL@R@L@LBHDJFRFTDNHHJDLFTFFJBRAnCDBDH@LETELINAFBHFJTNVLLHN@LCHGBE@IEIGIAKFEHAJAJCHEFGFMDGHAJ@JDDFAHCJ@PFJFFJBJANAH@HHDL@JFTNVRLBHAJBFFJJHRFRFN@JBD@BB@AB@@@"],"encodeOffsets":[[109493,31386]]}},{"type":"Feature","id":"511602","properties":{"name":"广安区","cp":[106.632907,30.456462],"childNum":1},"geometry":{"type":"Polygon","coordinates":["@@@@B@@@B@@@@@B@@@@@@AB@@@@@@A@@B@BE@@BA@@@@@A@@@@B@@@@AB@@A@@B@@@@@@@B@@@@@@@B@@@@@@@B@@@DB@@@BB@@@@@@@B@@@@@B@@@@@B@FA@@@@@@@@B@@@B@@@@@B@@@@@@@B@@B@@B@HFB@@BB@@@@@B@@@@@@@B@@@@@B@B@D@BAJ@B@@@BA@@@@B@@@@@@@BA@@B@@@@@@@B@@@@@B@@@@@B@B@B@@@B@@@@@@@B@@@@@@@@AB@@@@@@A@@BA@A@@@@@A@@@@@@@A@@@@@@A@@A@@@@@@A@@A@@@@@A@@@@@@@A@@@@@@@A@@@@@@@ADEDEDEBC@AB@@A@@@@@@B@@A@@@@B@@@@@@@B@@@@@@@@BB@@@@B@@@@B@@@@@@@@BB@@@B@@@@@@@B@@B@@@@B@@@@@@A@@B@@@@@@@B@@@@@B@B@@@@@B@@@@@B@@@BAB@@@@@B@@@@@@@B@@A@@@@@@@A@@@@@@@A@@@@@@@A@@@@@@@A@@@@A@@A@@CCAA@@@A@@@@@@@@@A@@@@@@@A@@@@@ADC@A@@@@@@@@@A@@@@B@@@@AB@@@@@B@@@B@@@@@@@B@@@@@@@@AB@@@@A@@@@@@@@BA@@@@@@B@@@@@B@@BF@B@B@@@@@B@@@@@B@@@@@@@B@@@@@@AB@DCBA@@B@@A@@B@@@@@B@@@@@BAB@@@B@@@@@B@@@@A@@@@B@@@@A@@@@BC@@@@BA@@@@@@@@@@B@@A@@B@@BB@@@@@@@B@@A@@B@@@@@@@B@@@@@@@B@@@@@@@B@@@@@@@B@@B@@B@@@@@@@@@B@@@@@B@@@DAD@DCBABCBA@A@AAC@A@A@AACAABAB@BBD@DBF@@@@@B@@@@A@@B@@A@@@@@@B@@@@@B@@@@@B@@A@@@@B@@@B@BA@@@@@@BA@@@@@@B@@@B@@@B@HAB@@@B@@@@@@@B@@@@A@@@@@@@@@@@A@@A@@@@@@@A@@A@@A@@@@@@@A@@A@A@A@@BAB@@ABABC@ABABAB@B@BA@@BA@AB@DC@@B@BAB@@AB@@@@@B@@@B@B@@@@@BB@@B@@@B@@@@@B@@@@ABABABAB@@ABBDA@@B@@AB@@@@@@@@BB@@@@@@@B@@@@@@@@@@@BBB@@B@BB@@@B@@@B@@@B@@@@@@B@@@@B@@@@A@@B@@BB@@@@B@A@A@A@@@@B@BA@@@@@@@@BB@@@@B@@@@@B@@AB@B@@@@@@@B@@B@@BAB@B@@ADA@A@@@A@@@AAA@@A@A@@A@A@@BAB@BA@@@A@@AA@@AAA@@ABA@ABA@@BA@@@AB@@BB@B@B@@@@AB@@@@@@@BB@@@@AB@@@@B@B@@AB@@A@AA@@@@@B@D@@B@@B@@B@@@B@@@@BB@@@@@@@@@@BB@@@@@AB@@@@@@@@@BA@@DCBABA@@@@B@@A@@@@@@B@@@@@B@@@@@@@@@@@@@@AA@@@@@@A@@@@@@@@@@@@@@@@B@B@@@@@@@B@@@@AB@@@@@BA@@@@B@@@@@@@B@@@@@@@B@@@@@@@B@@@@@@@@AB@@A@@@@@@@@@B@@@@@@@@@@B@@@BA@@@@B@@@@@B@@@@@B@@@@@B@@@@@@@@@B@@@@A@@@@@@@@@A@@@@@@@@@@@A@@BB@@@@B@@@B@@@@@B@@@@B@@@@B@@@@B@@BB@@@@@@@@BB@@@@@@B@BBB@@@@@@@B@@@@@@@@@@@@@AA@@@A@@@@@@@@@@BA@@@@@@B@B@@@@@B@@@@@@@B@@@@@B@@@B@@@@@@@B@B@@@@@B@@@@B@@B@@@@@@@BB@@@@B@@B@@@@B@@@@@B@@@@@@AB@@@@@@@@@B@@A@@@@B@@@B@@@@@B@@@@@@@@@@@@A@@A@@@@AACAACECE@A@@@@AA@@@@@@@@AA@@ECCC@@AA@@@@@@A@@A@@A@GCA@@A@@A@@@@@@@A@@@@@A@@@@@A@@@@@@@A@@@@@A@@@@BA@EDED@@AB@@@@@@@@A@@B@@@@AB@@CHAB@@@@@BA@@@@@@@@BA@@@ABABA@@@@B@@A@@@@@@@A@@@@@A@@@A@A@@@A@@@@@@@A@@@@@A@@A@@EACCA@@@@@@A@@A@@@@@@A@@@@@@@A@@@@@@@A@@@@@@@A@@@@@ADG@@@A@@@@B@@A@@@@BA@@@@HGFEBKDQBEB@@A@@BA@@@@@@@@B@@AB@@@BA@@@@@@B@@@@A@@B@@@B@LAFA@@B@@@@@@AB@@@@@@@@@@A@@@@BA@@@@@A@@@@B@AAC@IAM@QEQEIGEIAEBIAGQKMUES@ICKGGG@MBIBIAEEEI@ODIBGCEICI@GBCHENEHGFIDIBGBEFBLHJFJ@JAFGHKDM@KGUKSMEIAGBEJMFKFS@KCGCAmDQBIAEEESCKGIMGSCQEIEGCKAK@Q@K@CCCEBEHEJGFEBGAEMMMKCCAC@ABAH@LBLBLERIHEJIFGLEFAJFDFBPHNJFH@JCFGNMHG@ABABCBA@E@@ACA@AAAAMEGAEAC@EAEAAACC@@AABA@@BCDCFCHCFAJADADAB@BA@A@A@A@A@AEGGI@AEACAE@E@EBC@CBC@ECGCCCACACAA@C@A@A@A@ABA@A@A@AGGGAE@A@C@C@ABABABBD@B@B@DADCFEFABA@C@GAAAAAAA@@BCLMFC@CAC@A@I@ECI@ECECAC@GBEBEDCFEHGPCHEDG@ICGECCAAACACAC@A@C@A@E@@AA@@EBEBEBABC@ABCBABA@A@A@EBKDC@E@A@CB@@AB@@@B@B@@@B@B@BAB@B@@ABA@ABAA@@A@AC@AAA@@AA@@A@A@@@@B@@@D@B@BAB@BCHINCD@B@D@DBBBD@BA@@BEBCDCBABCDCBC@CBCBA@ABAFABCB@DA@@B@BBBBBBB@B@BBDDBBBDB@B@BBF@B@BADABABCB@B@B@B@@BBDBBBBB@D@BABCDGDA@AB@BBBDDBBBDDBBB@DB@B@BBB@FDB@@B@B@B@F@B@BB@@BB@F@D@B@D@DBBBDD@@@B@BBB@@BBBB@@@BADAB@DABCDABCD@B@@@B@B@@A@AB@BA@AAEBA@EBCHCDCDA@ABA@CAA@A@GJBBJDFBBB@B@@@D@HAFBDBDDDDBDBB@BDBDABAHAD@D@BBD@B@BA@AB@BA@A@ABAB@DA@CB@BAD@B@D@BBBFDFDPJ@@@B@BA@@BBFDBDDDDBB@B@B@BB@B@B@DBD@B@FBHBB@DB@B@@@DABADAB@B@B@BCD@BBFBD@BC@ADC@@B@F@B@D@BADADAB@B@BBBBDFBFBB@BB@BAD@BABA@ABA@AB@BA@A@@@AAA@C@A@AD@HDH@@BBD@B@D@B@DBB@DBBBDBBD@B@B@H@BBB@BBDBB@B@DAB@B@BBD@BAB@@C@ABA@AB@BCFADABADAD@BBHBBBDBD@D@B@@@@@B@BBB@B@BAFAD@B@B@@@@FHBB@B@@@B@@@@A@@B@@@B@BB@@@B@@@@BBD@@@B@@@@ABAHIRBD@BBBBBJB@@B@@@D@BBD@BBB@H@D@DBPFLDBB@B@D@B@DBDBD@DBFBDBBBDBD@B@BADCBABABABADABABABAD@D@B@B@D@B@BBB@FBBBD@D@B@B@BCBAD@BBBB@B@F@DADADEDC@@PFB@@BDDFDDDD@DBJCF@FAB@B@BDB@BBB@DDB@BB@@@B@@AB@B@BA@BB@B@@B@B@D@DABA"],"encodeOffsets":[[109236,31579]]}},{"type":"Feature","id":"511621","properties":{"name":"岳池县","cp":[106.444451,30.533538],"childNum":1},"geometry":{"type":"Polygon","coordinates":["@@BA@@@@@A@@AC@A@@A@@@A@@A@A@@@AB@@@@@@A@@@AAAEG@@@@@A@ABCBE@A@AAA@A@A@@@@@A@CACACAAAG@ABCBCBABCDE@ABAB@BAD@@@BA@AAC@A@ABA@C@AAAAC@AAA@A@G@A@AACCAAACAA@CAA@C@A@C@AA@@CG@GBCB@D@B@BB@@B@B@@ABAB@BAB@BA@ABC@AAAA@EAEAACAA@A@ABABCBC@A@C@A@E@AD@BCD@@AACAE@ADC@A@A@ABABCBA@C@@@ACAA@GAEAA@C@CAA@A@A@@A@A@AAACCCCCAAE@AB@@A@A@@OIECECAA@A@C@ABC@ADAB@@CBABAB@B@@ABAB@@A@AAC@A@CBCBGBAACACA@CACACCACACBE@G@C@@@AAAEAICAAHIB@B@DBB@BAB@DCDCDGFAB@FABBB@@ABAB@@@@A@A@@@ADCBADCBA@CBABC@A@@AAAA@@AA@A@A@@CCAACAC@A@C@E@A@@AA@@A@A@E@A@A@AA@ECA@AAA@A@@CAACAACAACCAA@ABAB@HCDCBA@A@CAAAACAAA@@@A@A@ADABABABC@A@AAE@A@ACAAACAAC@A@AAAAAAA@A@AB@@CDABABEBAB@DADAD@DADCBADADCFA@AB@@AACAA@C@C@ADCJMDG@ABA@A@A@C@@@A@@B@B@@@BB@@BB@BBDB@@@BBBAB@BA@@@ABA@A@A@A@@@A@A@@BA@@DAB@F@D@LCFAB@B@B@BADABAD@BAFAFAFA@@BB@@@F@B@D@BBDBDBDBBDDHFJDH@FCDGHOFGDEFCFAHAD@DC@A@A@@@@B@@@B@B@BA@@BAB@B@@@BBB@B@@@@A@ADABA@@B@B@@@@BBB@@B@DBBAB@DCBCDA@B@@BB@@B@B@LCFABAAEAE@A@ABAB@BAD@JCFCDADCBABC@ABE@E@A@G@CAC@@AA@@A@C@GAA@AA@A@AAC@C@ABCAA@AAACC@AACAAC@EAC@ABC@C@C@A@EAC@AA@@AAAEAC@A@@BAB@BAB@D@DBB@@ABABA@AAAAACCE@C@C@A@C@A@CAAAAAACACCCA@@AC@A@A@CBA@CBC@AA@@A@ABAFABA@A@I@AAC@CBADABA@I@A@A@EA@@@ACB@B@B@BB@@@BB@@@B@B@BA@@BA@A@@@CA@@A@@@A@@B@B@B@@BD@B@B@B@BA@A@ABA@@B@@@B@@@@A@@BB@@@@@A@@@@@@@AB@@@@@@A@@B@@@@@@@@@@@@@@@@A@@@A@@@@@@@@@@@@@@B@@@@@@@B@@@@A@@@@@A@@@@@@@@@B@@B@@@@@@@@@@@@A@@@@@A@@@@B@@@@@B@@@@@@A@@@@@A@@@A@@@A@@@A@A@C@@@@@@@A@@A@@A@@@@@@@@@AB@@@@@@A@@@A@@AA@@@AB@@A@A@A@@@A@@@A@@BA@@@@@AB@@@@@B@@AB@@@@@B@@@@BB@@@@@@@@@@A@@@@@@@AB@@@B@@@BA@@B@@AB@@@@C@KBG@EDWREBEAICCECEAI@KA@@@@@@BC@ABA@@@@@A@@BA@@@@BA@@@@@@@A@@@AA@@A@A@@@C@A@@@C@@A@@AB@@@@@@@@@B@@@B@B@@A@@@@@@@A@@@AA@@A@@@AA@@@@A@@@@@@A@@@@@A@@BA@@@A@@@A@@B@@@@A@@@@@@A@@@@@ABA@A@@@@@@@@@A@@@@@AA@@@@@@A@@@A@@@A@@@@@AA@@@@@@AA@@@@@@@@@@A@@@@@@@@@@@@A@@@@@@@@@@@@@@@@@@@A@@@@@@@A@@@@@@@@A@@@@@A@@@@@@@A@@BA@@@AA@@@@@@A@@@@B@@A@@@A@@@A@@@@@AA@@@@AA@@@@@@@@A@AD@BBB@B@@@BABABA@EDC@CAECCBA@CDCF@B@@ABAB@@@@@@@@A@@B@@@@AB@@@B@@@@@@AAA@AIAAAAA@C@C@IDABC@A@A@@ACGA@A@A@C@ABABBBBHB@@@B@@@F@@@BB@@B@@B@@@@@@A@@@A@A@AB@@@@A@@@@@@B@@@@@@A@A@A@A@@@C@C@CB@@A@AA@@A@AB@@@@@B@B@@AB@@CFABABABCDCDADABABADABAB@B@B@B@BBBBB@@B@B@DBB@B@DDBBBDBBDB@BBBBBBB@BF@DBBD@BBB@BBB@B@@@BA@@BA@@D@D@D@BBBBB@BA@@DA@@B@BAB@BB@@@BBB@@BADCDCDABCD@DAB@FBD@F@BCD@B@B@B@D@BAB@BBD@BBB@BBB@B@DADA@CDCBE@@BCBABA@A@CAEBA@CBEDEDCFADCDAFAD@H@H@B@B@BABE@E@C@A@E@@B@BDDDD@B@BCBC@CBCBCBCDC@KBC@E@EBC@C@CBIBI@E@EAGAE@C@C@CDGBE@E@EACAAAAAC@C@A@A@A@A@CAEACAGESIIIAACCC@CBA@E@CACAAAAC@E@A@AAAAAA@A@@@ADCFADCBABADAB@BA@@BA@ABEBE@A@E@CAEAAECAG@ECCAICCAE@A@EBIBEBE@E@C@A@@ACAA@AAA@CAABA@ABABAD@BCFGFCDIFEFEDABABEBA@C@A@C@AAA@A@AB@BAD@D@B@D@@BDAF@J@D@BCDELEDAFEDAD@BADBB@BBBBBHDHDHBD@DBD@DBFDDBBB@BDD@BBFAB@FADADEDADCBGBGDE@E@G@KCMEKC@D@@@@@B@@@B@@@B@@@B@BB@@B@B@@@BA@@B@@@@@B@@BB@@B@@@@@B@@@@@BBB@@@BB@B@@B@@BB@@BBB@B@D@D@@@@B@@B@@@@@BA@@B@@BB@@B@@@BB@@BB@@@@BBB@@BB@@@B@BB@B@BAB@B@@BDDDBFDBDBBDD@@B@@BABBBB@DBDBF@FBD@DBDDDDDDBD@D@D@BADCDABCB@DABAB@B@BB@@D@BBDDBBBBBDBB@B@B@B@FBB@D@DCBC@CBC@ABE@AB@B@D@D@D@D@D@FAB@DABADA@@@@@@BAB@B@@A@@B@@@@@B@@A@@@A@@@A@@BA@@B@@@B@@@BA@@@A@@@A@@B@@@BBB@@BBBBA@@@@@A@@@A@@A@@A@@BBBBBDBB@BABABABAB@D@B@BD@@DBBBBBBBDDFDNFDBDDHNDBHDJ@DBD@@DCFCD@D@D@BB@H@D@DAD@BBBDAF@B@BD@B@DA@ABCBK@@B@HB@BAB@B@B@DBB@B@@@BAB@@B@@B@@A@AB@@ADBD@FBBB@@BA@IBABABA@AAAABI@AA@A@CDAFA@A@ACAAA@A@EJ@D@D@DCHADGD@B@BD@D@FAJGBA@@BBBBDBDABABBDDB@F@BABA@AD@D@@B@NBBD@BABG@@@A@A@@@A@A@A@A@@B@@@FBBB@@BABMBAB@B@@B@J@@B@BDBB@BB@AB@B@@@B@B@@B@BABCDEBABA@AAA@AAE@ABADAF@DBBBBBB@B@@@BABABCFAF@FAB@BCHQDGDCDAB@@ADAF@DABBB@@BBD@@BBDAB@D@B@BDB@@B@B@BEH@BB@B@D@BB@@BBB@B@@AB@@A@@BA@BB@@B@DAB@@@@ABC@@BA@A@AA@@A@@B@@FD@B@@A@A@IGA@@B@BDDFDDBF@B@DADABAB@FBB@D@D@B@@BB@@BADBB@BD@JFBBB@@B@B@BBBB@@@F@F@BAB@BCBANGBA@AAAA@AAAA@AEC@A@CBABAFGBADADCD@@AHADBB@BBDABA@AAC@ABCNKBADBB@BDFPBBBBDDDB@@BBD@FAN@BABCB@D@DBB@@D@B@DBB@D@BADABADADBDBFDDDFDD@@BBBDFBHBDBB@BBF\\@BBB@@FJ@D@B@D@BBBDBFDD@@@BBF@HB@@BBDBJLFJDH@@DBDDFBDFBDBB@B@BB@@@B@BBDAHAFAF@D@B@FA@@BA@@@A@AGGDG@A@C@A@C@C@E@ABA@A@@B@B@DAD@@A@A@A@A@A@A@@@A@@@ABE@ABAFAHCDA@@BCDCBIBA@@B@B@DBBBBAD@DBDBBB@F@B@BB@@B@@B@B@@ABAB@BA@@D@DAB@BAB@BBDAB@@BBB@BBBBBD@BBBBFAB@B@F@DCB@D@FAD@FAB@@@B@"],"encodeOffsets":[[109146,31478]]}},{"type":"Feature","id":"511681","properties":{"name":"华蓥市","cp":[106.777882,30.380574],"childNum":1},"geometry":{"type":"Polygon","coordinates":["@@GK@@@@GIWYMSIOKUGMEICCCCMGIEC@AAEAECCCCGCKCECACCAECMAGCCACAACAA@CCGIEECAC@ECCAG@GAC@AAACAC@CAAACAACAACAC@CBK@EAEACAECC@C@C@ABKBEAEAIAC@EBC@ABCAEAG@KCEAACACAAACECEACECEACAIAAAA@AAACCIEKEGCCEOACAACAAAA@GAC@AAACAA@G@@ACEC@CAI@GAAAA@@G@A@CAACACAE@E@G@@@@@A@AA@A@A@C@A@A@C@C@A@A@A@ABA@@B@B@BBB@B@@@BA@A@AAC@C@CAC@A@CAAB@@A@A@@@@B@B@@@BBB@D@B@DBB@DAD@D@D@@BFBD@DADCD@DBBFF@@B@@B@B@BA@@BCBC@A@CCAAC@A@ADABABBD@BBD@BABABA@A@@AA@A@AAA@AA@@ECAAA@C@@@AB@BBB@@HBB@@@@B@@@B@@@BAF@BABA@ABC@I@A@A@CB@B@B@@FFJN@B@@@BA@C@A@C@MEAAAAC@AB@BBFBB@@B@BBB@@@BBAB@DAD@@ABA@A@@@AA@C@@A@A@@@ABABADCF@@BB@@BBB@@@B@AB@@A@@BA@@@@@@B@BBB@@B@B@BBBDBB@@BBD@@@@B@@@@@@A@@BA@@@@@@BA@@@@A@@A@AA@@A@@BAB@@A@A@@@@BB@BB@@@BBBA@AB@@ABB@@B@@@B@@ABA@@A@A@AA@@@A@A@@@A@@B@@@B@BBB@@AB@@CAA@A@A@AAA@@@A@@BB@@BA@@BAA@@@AA@@@AB@@AB@B@@BB@@@@@@B@@BB@@@@@@B@@@@@@@@@BB@@@@@@@B@@@@@@@@@@@@@@@@@@@@@@A@BB@@@@@@A@@@@@B@@B@@@@@@@@@@@@@B@@@@@@@B@@@@@@@@@B@@@@@@@B@@@B@@@@@@@B@B@@@BB@@@@@@@@@BB@@B@BB@@BB@B@B@@@BBB@B@@B@@@BBB@@BB@@B@BBB@B@D@F@D@B@@B@B@BEHADABADAFAJA@ABB@J@B@BABCDAD@BBJ@B@B@BABEBAB@@@BBD@DAB@DAB@B@D@@BB@DDBDBDBBBBDBB@D@B@D@D@F@DDBBBB@BABAB@BA@CAC@A@ABA@AB@@@BBDBFBB@@BBD@FBB@D@D@D@BAD@FBD@BBBD@BDDBB@BBBAD@B@DBD@B@BBBB@HBD@B@@@BB@@BD@D@H@B@FAF@BADABCDCBEDIDC@ABA@AB@B@BBFBFABEBKDA@A@@@AA@@@ACBADCDA@ABCAA@@@AA@A@@A@A@@@ABCB@B@B@@A@A@AA@@A@A@AB@@ABA@A@@@A@@@@@@B@BCDDBDF@FDJ@F@J@BBD@DEDKNAD@@BBBBBBHBD@B@BAFEDEBC@C@A@AACBABABAD@D@B@F@HBHH@B@B@BAB@B@B@B@B@DBBBDBDDDHDFDD@DAD@FAF@F@DBFB@BHJFH@B@B@B@B@BABA@CBCBIBEBGDEDCDAD@@ABBB@@DDBBFBFBD@FBHBNFBBBBB@BD@@@FABADAB@BB@@BB@B@BBBAD@B@B@@@D@@@B@F@H@HAFADBF@F@B@D@B@@@BBB@BBBB@@@B@@@@A@AB@@AB@@AB@BBB@@@@@@@BB@@BD@B@BAB@@@@@@BBB@BBBB@AB@B@@B@@@B@F@B@@@@@@@@B@@@B@@BBBBBB@@B@B@B@@AB@@@AA@AA@A@@A@@@@@@@@B@@@B@@@@@B@@@@CB@@A@@@AB@@@B@@@B@@B@@A@@B@@@@@B@B@@B@@@@@BA@@@AB@B@BBBBB@BBB@BA@@B@B@NDB@B@B@D@B@B@BBB@F@BAHABCBAB@BA@C@A@C@KBC@@B@D@@@F@B@B@BAFAJCBCFCFAB@B@D@DBD@BA@A@C@A@ADAB@FCF@HAHCLGFCDCBABC@C@CBA@@B@DBFBJD"],"encodeOffsets":[[109476,31153]]}},{"type":"Feature","id":"511622","properties":{"name":"武胜县","cp":[106.292473,30.344291],"childNum":2},"geometry":{"type":"MultiPolygon","coordinates":[["@@LDNFLDH@F@F@HCHADABCFCBCBC@EBAAE@ACC@AAACAECCAC@CAC@GAGCGCAAAA@AAABC@ABCFCBEFCFKDC@A@C@IBEAC@@@C@A@CBC@ABAB@B@BBD@B@D@B@FABABAFCFEJEDCHEDE@ABCBABAB@BADBB@BBB@DB@BB@D@F@F@FAJAFAB@F@DBJDDBFDH@DBBFFBDBF@B@F@FABAB@@AB@@ABABCBADABCDEBC@@B@B@BBBB@B@B@FBDBBDBDBF@B@DAD@DDBBJJTJHFDBFBDBB@B@B@B@D@D@BBBBDBFBF@F@HADCD@D@F@HBFBF@J@JADAD@D@FAF@D@LAD@DCDADADAD@DA@A@ACCCC@A@AF@B@D@F@F@BA@A@A@A@G@GBCBEDCBCDEFCFCDAB@FADBB@B@BADA@AF@DADCB@BC@C@AAA@AAA@AAC@ABA@A@C@A@A@ADC@A@EAC@EBA@CDCBADCDCBC@AA@AA@@A@@ABA@A@AB@@CB@@AAAAA@A@C@C@CB@@AB@@A@@@AAA@AAA@AACCAE@@AAAAAAA@ACAAAACAACCA@A@CAA@A@@@AAAA@A@A@A@ABABABCBABABCDCDCBABABADE@@BA@@@A@A@@@@BAB@AAAAAAAC@@B@@ABAB@BABAB@@AB@@ABABA@C@CAAAAA@ABABCBABADC@C@AACA@AAABA@ADCBADEBCBC@CAAE@CBC@GBCAC@@@@@@@@BA@@@A@A@AA@AA@AA@@@@AA@@@@A@@@A@ABA@A@@@A@@@BA@ABA@@B@BAB@@ABABA@@D@BBB@B@B@@ABAAA@C@A@@DCB@B@F@B@B@BCA@AI@CA@E@E@I@@@CA@ABAACAA@CAA@@@AC@C@EACAA@@@ABA@@BADADABABABA@ABABABABCBA@C@C@AAA@BC@CD@BABAFG@A@@AAC@ABAB@B@B@BA@@@A@ACA@A@CBCBA@C@ABA@AAAACAC@AA@ABA@@@A@@@@A@A@CAA@@@ABA@@@@BA@AA@@CBA@@@AB@@CBA@AB@ACCAAAA@C@AA@@@@AC@CB@@ABA@CA@A@A@A@ABA@ACE@A@A@AA@A@A@CBA@A@CDA@ABA@C@CAA@ABAB@BADC@@@@BA@ABA@@@AB@@AB@@A@A@A@@BCACBC@@AA@BCBAAA@@@ABAB@BA@@BADE@A@@CAOGGAAA@EBGHM@@@AAAC@@A@@@AA@A@@B@@A@@BA@@AA@C@C@@A@A@G@@AACAC@@@A@@B@D@F@HBB@D@DCBCBA@CAA@A@ABB@@DA@ABC@A@C@C@@A@@@CDA@AGC@@@B@@@@A@@B@@@@@AA@@@@AA@@@@@@@@@@A@@@@BABA@@@@B@@A@@@@@M@@A@CAABAB@@@@A@@B@@A@A@@@AA@@AA@@A@@B@@C@CA@C@@BABCBABA@A@AA@CAACAABABC@A@ACCCAAB@@@JAD@B@@A@C@C@C@ABAB@B@B@BBB@@BBB@B@DBBB@@@B@@ABB@@@B@@@@D@BBBAB@BABAFCFCD@@CDABA@AACACCCAAAGECAA@EAEBEBCBAD@D@DCDA@E@AAADC@@@ABAB@@B@@BDDBB@@BB@BBDBBBDB@@B@@@B@@AB@@@@@B@@DBABA@A@CAEACBE@CBA@E@C@@@A@@BBB@@BD@BB@@@@B@B@@@@A@@@A@A@@@A@@@@B@@@B@D@B@B@B@@@DA@I@CBAB@DDBFDFDBBBB@D@BA@@@@B@@@@@BBB@@B@@B@B@BAB@B@@@B@@B@@@@B@@@@@BA@@@A@@AAAA@@@@@A@A@@@@B@B@@@DB@@BB@BBB@BB@@@@@B@@C@AB@@A@A@A@@B@@@@DDB@@B@@@@@B@@A@A@@@@@A@@@@@A@@@A@A@@@@B@@A@BB@@@B@@D@@@B@@@@@BB@B@@@B@BAB@BAB@@@@@@BBBB@@@@@@@BA@A@@@A@@AA@@@AAA@@@AA@@@@@B@@@@@B@@A@@@@B@@@@@BB@@BBD@BBDBB@@@B@@@@A@@@AA@A@@A@@@A@@@AD@@A@A@@@@@AA@AA@@A@@A@@B@@@@BBBB@@@@@BAB@@@@A@C@@@A@@B@@B@@@DB@@@@@@@B@@A@EDAB@@A@A@@AA@@@@ACC@@AA@@A@@@@@AB@@BB@B@@@BAB@@A@AB@@A@@@AA@@AA@A@@A@@B@@A@AB@@A@@@A@@@AB@@AB@@@@@@A@@A@@@A@A@@@@@A@@A@A@A@@BA@@@@@@@BBBBB@@@@@@BA@@B@@A@BB@B@@@@AB@@@B@B@B@BA@@@@@A@@@A@A@@@A@@@A@@@CB@@A@@@A@@AB@@AB@@A@@@A@@@AAA@A@@B@BABAB@BCBA@ABAB@BA@AB@@CAEACA@@@A@A@A@A@A@@@AB@@@BDB@B@@A@C@A@A@@B@@@BBD@B@B@BABA@@B@AA@@@@@A@@BA@A@@@A@@@@BA@@B@@A@A@A@@@A@@A@@@@@A@@B@BA@@@@@AA@@BA@A@A@A@@@AA@@@A@@B@@AA@A@@A@@A@@B@@@@@BA@@B@BAB@@@@@@@@@@@@@@@@A@@A@@@@@@@@@@@@@@@@AB@@@@@B@@A@@@ABA@@@@@@B@@@B@@B@@@B@@@@A@@@@B@@@B@@@@BB@@B@@AB@@A@@@A@A@A@@@@@AB@@@B@@@B@@@@A@@A@@A@@@CB@B@AA@@A@@A@@@@@AB@@A@A@@@AA@BA@@@AB@B@@B@@@B@B@@@@D@DBDBD@B@B@BCH@B@B@D@BABA@@@EAG@AAA@@AAE@AAC@AA@@@@A@@@@A@@@AAAA@@AB@@@@@@@BAB@@@@A@@@@B@@A@@@A@@@@B@@BB@@@@@BB@@@@@BB@@@@@@AB@@@@A@@@@@AA@@AA@B@@A@@@A@A@@@@@A@@A@@@@BA@@@AA@@@@@A@A@A@@B@@@@@@@@@BB@@@@B@@@@@B@@A@@BA@@B@@A@@B@@@@AA@@@B@@@@AB@@@@@BA@@A@@ABCDCDCBA@CAAAA@AD@D@B@DABAB@@A@A@EBABAB@D@BAF@DA@@B@B@DABA@C@C@AAAA@@CAC@C@C@CBEBCBEBA@@@ABA@A@@@A@@@A@@B@D@BADBB@BBB@BABA@E@E@CB@B@@@BDBFBFBBB@B@BABA@@@IAGAEAA@AB@BABAB@D@@B@DBB@D@D@BB@BABABAD@BBB@D@DABC@AACACDAB@@AB@B@@AD@@@@@F@B@B@@@D@DABEBCBCBC@CC@ABC@A@AA@C@C@ADCFCDADCBCBCDCDAFAF@FBDDFBDDBD@FAFAF@F@DBDDBDBFBHBHAFADABAD@@BBDBBDDDBDBDBBBBB@D@D@FADAB@DAB@B@B@DDBBBBBB@BD@@@D@BABABA@A@A@A@AB@B@B@DBB@D@B@D@BADABAB@BAB@A@@B@@B@BB@@BBBB@@@B@@@B@@AB@B@@@@BBB@AB@B@B@@BB@@BBB@@@B@@@@@@@@@@BA@@B@@AD@@BD@@@BA@@@CB@@AB@B@@BB@@B@BB@@@B@@@@AB@@BBB@B@@@B@@@@B@BAB@@@@BB@@@BB@@@@BB@B@BB@BB@B@@@B@BABABADA@@@@@AB@@AA@@AAAA@A@@@ABA@@@AA@@@A@A@AB@B@B@BBBBB@BB@@B@DAB@@@B@B@@@B@B@@@@A@A@A@CAA@@AA@A@@@ABAB@D@D@D@B@BAB@B@@@@BB@@@B@@A@AAA@A@A@ABABA@@BAD@D@B@B@@BBBA@@B@@@B@@@@B@B@BAB@BB@@BBBB@@B@@@B@B@BA@ABABAB@BB@@BDBD@B@FBBBBDBB@BAD@DADABAB@D@B@BB@@B@DBDBBBBB@DBDBD@D@DBD@B@FAD@DA@BF@DB@@BB@BB@@DBDB"],["@@@@FA@@DADABE@AAAAA@A@A@A@C@A@@@AA@CAAA@@BCB@DCBA@@@CA@CAEBCB@F@B@B@@@@BD@@@B@BCBABA@@N@@BB@@@@@@@B@@@B@@@@@@@BA@@@@@HD"]],"encodeOffsets":[[[108671,31267]],[[108815,30935]]]}},{"type":"Feature","id":"511623","properties":{"name":"邻水县","cp":[106.934968,30.334323],"childNum":12},"geometry":{"type":"MultiPolygon","coordinates":[["@@BABAA@@@@@A@@@@BA@BB"],["@@@ABAD@B@B@@B@@ADAB@@FBBBDBD@JBD@@@@B@@CDCB@BED@@@B@@@BB@DAD@B@@BBBB@@@@ABGBAB@BADAB@BA@@@A@AAAC@AAAA@A@@@@BA@@@AA@GAA@@@@B@B@DAB@@CBAAA@@A@AAGA@@@CACBA@@AB@BCBA@AAACAC@@ACDB@AB@@@B@@ADABAB@@@@@@A@@@FF"],["@@@A@@A@@@@@A@@@A@@@A@@BA@@@A@@@A@@@@B@@@@G@ABA@@BA@@@@BA@@B@@@@@BDD@@@BAB@@@BA@@@A@@@A@@B@@A@@@@A@@AA@@A@@A@@@@A@@A@@@@@@@@@@@@@@@B@@@@@@@@@@@B@@A@@@@B@@@@@@A@@@@@@@@@@@BBB@@@@BB@BBBB@@B@@@@@@AB@@@B@@@@@@@B@D@@@@A@@@@@@BA@@@@@@B@@B@AB@@A@@BA@@@@@A@@A@@@@A@@@@BABAB@DA@@@@BA@@BA@@@@@@BABA@@@@@A@@"],["@@@@A@@@@@@@@AA@@@@@@@AB@@B@@@@@@B@@@B@@@BB@@@@@B@@@@A@@@A@@@@@@@A"],["@@@@@AAAC@A@@@A@ADED@BBDB@@@B@@ABADCBA@@B@B@@@@@"],["@@B@F@D@DADEQK@@@@@@A@@@AB@@@B@@@@@@A@@@B@@@@@@B@@@@@@A@@@@@AB@@@A@@AB@@@@@B@@@@@@@@@@A@@@@@@@B@@@@@@B@@@@A@@@@AA@@@AB@BDBB@B@FD"],["@@BC@@MA@@@BA@@@@B@@NB"],["@@@A@@@@@@@@@@@@@AB@@@@B@@@@B@@@@@A@DB@@@A@@@@@@@@@@@@B@BCC@GC@J@A@@@@@@@@@BB@"],["@@@@@@@A@@A@@@@@@@@@A@@@@@BB@@@@@@@@@@B@@@@@@@@@"],["@@@@@@B@@@NBBCDADAFAF@BBRRBF@DADCHAHCJ@BAH@BBBHDHBFDBBB@F@FCJGJEA@ACA@CCAAAAAA@AAA@AAAAAAAAAAAACCAAAACACACAAAC@A@AAC@AAC@CAA@AAA@AAA@A@A@AA@@AA@AAAAAA@A@Acd@@@@BBB@@@@@@@@@@@AB@@A@@@@@A@@@@@A@A@BB"],["@@@@@CAK@AACBA@@B@D@B@B@@A@@@AACAAA@A@CBAAGIAC@CBALCD@D@DB@BBBBA@@AB@A@@@@@@@@BA@@@@B@@@@@@@B@@@@@BA@@A@@@@@@@B@@@BA@@@@@@B@AA@@A@@@B@@@B@@@@@BA@@A@@@@@@A@@B@@@@@@@B@@B@@@@RLLOFOMA@@@@A@@@@@@A@@@@@@BA@@AA@@@@A@AB@@AA@@A@@@A@@A@@B@@@B@@AB@@@B@B@@@B@@@BA@B@@B@dc@@ACAA@AACAAACACAAAEACAE@EAAAE@A@CACAC@CAAACAC@AACAAACAAACACACAAAAACAA@AA@@AAACEAA@AAC@AA@A@CCCC@AA@@AACAA@AACAAA@@AAAAA@AAAAAACAA@AAAAAAAA@AAAACCCAAA@AAAAAAAACCA@AAAAAA@AAAAA@AAA@@AA@@A@AAA@AA@@AAA@@CA@AA@@AA@AACAAAAAAAAA@AAAAC@@AA@@ACAAAAAAAACCAACCCACCCAAAAAAACAA@AACACCAACA@AAACACCACAAAAGEECACAKAECCGCMEEACBEBC@EAAE@EBCFA@A@A@@@A@A@@@AA@AA@AA@AAAAAA@@CCACBC@A@AAAC@CB@BAD@BCBA@U@C@AAIQCC@A@CB@DABA@AAAAAA@@CBADCNI@A@AGGEECC@C@A@AAAECGCIAGCA@AACBA@ABAB@@AL@BABABEBC@C@GKAC@CDEFGBA@CAAC@GAI@IBEBEBADABERADABCBG@E@ABA@ABABABAD@@ABAD@BAB@BCLADEFAD@BABADABABADA@CB@@AD@@@@@B@@@@A@@@@@@@@@@@@@@@@@@@CA@@@@@@@@@@@@@@@@@@@@A@@@@@@B@@@@A@@@@@@BA@@A@@@@@@@@@@B@@@@IC@EAEACCIKAACC@AAAAAAAAAGAAA@AB@B@HAB@@A@@@C@A@G@AAAA@A@A@@@@AACCE@GAA@ACCCAA@AB@D@DA@A@C@IEEAICKAGACA@CAKAAA@E@CDGHC@CBE@C@A@CAC@ABA@@DABC@GCCAM@AACAEAC@CAA@@B@@AB@@DH@@@@@BA@ABE@CBCBCDADAB@@@BE@ABABAB@B@@AB@BA@EBA@@@@A@@@@@AAA@@@A@A@@@@@AA@@@@A@@@ABA@@A@@@AA@@C@CCAA@@@@@A@@@A@@@@B@@A@@@@@@@A@@A@@@A@@@@@A@@AAAA@BAA@A@A@A@@@A@A@@@AA@@A@@@A@AB@@ABA@AB@A@@AA@A@@AA@@A@@@A@@@@BA@@@@@A@AA@@AB@@@BA@@@A@A@@@A@A@@@A@@@@@@A@AA@@A@A@A@AAA@@AAA@A@A@AAA@AAA@AAAAAAAAA@@@ABCBABA@A@C@CCECC@C@@BADBJABABA@@AC@ACCCACA@A@C@CBCBKFIDKBG@@@@BAB@DA@ABCBAB@B@B@B@B@DADAD@DDLBFAB@DCBKJIHKDEDCBABABAB@@AB@B@@BD@B@B@D@DBD@B@DAD@D@DAB@B@D@@BD@BBD@B@B@B@B@B@D@B@B@@BBBB@B@@BB@B@@@@@@@B@B@@@@@H@FBFBDBDDBB@H@@@BBBB@HBJ@DFDBD@@@HBBBDBBD@HBB@BBDBBBBDFPDDFHFLDJBDBBB@BBJBDBFBFDBDDFDFBBDBDBBBDF@LBHBFAD@BAD@FBDBJBFAFAL@B@D@DDDBFBDBF@FAL@DBDBDDBBBBDBB@DBDBDBBD@HBH@DBFDD@DBFFHJDDB@DBBBBDDDBHDNBFDDDBDFDLDHDDFDFBBBD@JFNHDDDDFJHNLVJPNTXZHJ@@@@HLHF@BBBBBBD@BDDDDDB@BD@BADAD@F@F@DBBBBBBBBF@@FFPN\\bFHDHDLDLDHLNB@@BB@@@DBBBB@BBB@@BB@@B@BB@@@BBB@BAB@@AB@B@B@B@B@BB@@BB@@@@@B@BBB@B@@BB@B@@@BBBBB@BBBB@@BBBBBBBD@H@DBDBBBB@F@FCLEDABAAA@@@@@@AA@@@@@A@@@@B@@@B@@@B@@@@@@B@@B@BABAD@B@BAB@B@B@B@D@BBD@B@D@B@B@BBB@@@BBB@B@DBB@B@B@BAD@DAF@BCDGBA@AAACE@@@A@@@ADA@@BCBC@A@@@@B@FADB@@B@@AA@CCAAAAAAAA@ABAD@H@DB@@DAD@B@D@B@DBB@JF@@B@B@@@BAAI@@@AB@BAB@FBBBDDB@@@BABABA@A@CAAA@BA@ABADAB@@AAA@A@@FCDAF@F@@@D@B@B@B@B@B@B@B@@B@B@@AB@@ENMPA@ABC@CBCBGHEF@BA@CBOBCBABABCBCB@@@BA@A@AB@BAB@B@@@@BB@BBBDBBBBBBDAF@BBBB@BBB@@BBAB@D@@BBB@B@@B@B@B@@@@ADKBCDADABAB@@@B@@@B@D@BBB@@B@@@B@B@B@@@@AB@@A@A@A@@@A@@@@B@@@B@B@B@@BB@@B@@@B@B@@ABAB@B@@@FAHAF@@@D@B@B@BAB@BAJIHGDAFAFAJ@FADCFCDBDBBD@DBFDBDBBB@@D@BB@@BB@BB@@@@B@BAD@DA@@BBF@BABAB@BEFAB@@BBB@B@B@B@BAB@@@DBB@B@@@@ABGDCDA@@FABADCBCBA@E@C@ACC@@@CB@FADABABABA@CBC@ACECCGCGAC@A@GCCCQWAACCCAAAAC@AA@AAGECAE@GAAA@CDEDCHCLEDAJB@@DA@@B@@A@A@A@CAAAA@A@A@C@@HGFEBABAD@F@F@H@FBJHHBF@FAFABABA@A@KAA@AA@CAIACA@@ACBEAAAAO@@AAA@ABCRCD@@ABA@C@C@CACAAA@C@CAAAAAAC@ABABAHABA@ABAAA@AB@BAJ@B@DABA@@EEAB@@@@@@@@@A@@BA@@@@@@@A@@@@@@@@AB@@@@@A@@@AB@@@@@@@@@B@@@BABA@@@@AAB@@@@@B@@@@@@@@@DC"],["@@B@BB@@B@@ABA@@@@@@@@A@@@@@@AB@@@@@@A@@@@@@@A@@@AB@@A@@@@A@@@A@BA@@@@@AAB@@A@@@A@@@@@@B@@A@@@@BA@@@A@@B@@A@@@@BBB@@@@@BA@@@@@@@@A@@@@AA@@A@@@@BA@@@@@@@A@BB@@B@@B@@@@BB@@@@B@@A@@@@B@@@@@B@@@B@@@"]],"encodeOffsets":[[[109607,31250]],[[109800,31110]],[[109853,31101]],[[109815,31079]],[[109846,31074]],[[109816,31077]],[[109835,31057]],[[109545,30811]],[[109625,30762]],[[109828,31054]],[[109803,31099]],[[109801,31151]]]}}],"UTF8Encoding":true}