{"type":"FeatureCollection","features":[{"type":"Feature","id":"511112","properties":{"name":"五通桥区","cp":[103.816837,29.406186],"childNum":1},"geometry":{"type":"Polygon","coordinates":["@@AC@A@@@@AA@A@AAA@@A@@@A@@AA@AABABE@A@A@@KCBABA@AAADGAE@AB@B@B@@ABA@AB@DAD@BABAB@DA@@BA@@@EAAAAA@AAACECAAACA@ABA@@BCD@BA@A@ACC@CAA@@@A@@B@@@BAB@@EBAA@@A@A@A@@@A@@@DE@AA@ABA@CD@@AAKC@@@GAAACAA@C@A@@A@A@A@@@A@BABAD@D@@ADADC@ADCBA@A@A@C@A@AB@HBF@BBB@BB@BB@BA@A@C@AA@CAA@C@AA@A@@@A@A@CAAACCECA@@GCAA@@@AACDCB@@@@A@@@@@A@C@A@@AGBI@@@A@@@AB@BH@BBBD@D@FCBC@A@A@ECAECACAA@ABABAB@@AAAAAA@G@CAC@AAGAA@A@C@@BCFABA@A@ECAAGAAA@@@C@@@ABC@CBC@A@AAG@AACAACABC@AB@@A@@@AA@IBC@@ACAA@A@ADEJADCFCDEBCDCFAFAJCNADADABABEBABIBIBC@A@AA@@BABAFC@@BA@C@@@AA@E@E@A@@@A@C@A@@AAAAAAE@AAAA@A@G@CBAAE@CFABKFCBC@CACAA@K@EAAAAA@C@EBS@EA@@@ABADGHCLABA@C@EAC@ABGHCDCDC@@@A@AA@@AAA@@BA@@@C@CAC@A@@A@AB@@AB@@A@@AC@A@AA@AAACEDMHCBCDAB@D@BBBBBB@@BBBA@ADA@ABC@ABCDCBCDADA@CBA@A@@@AAA@A@@AA@@@@@AA@@A@@A@@A@@@@@AAA@@@@@@@A@@@C@CA@AEGCCCAA@@BCDADIJILCJ@JDHDHAFEHEJCH@L@ZBHADAJEH@F@FBJD\\@LDFHDFFANADDBF@BB@BADCBCACAA@ABADBBDBB@HDDDL@R@F@JBBBFBJBFBFDBDDRAHBFDDDFBFDDRBJBDDBFDBF@BB@@B@@@B@@A@@B@FCB@BCFI@@BABAF@FCLGFAB@B@D@LBF@DBPFPJFDDDBFDBD@BABABABBDDBBF@HAJ@DBJRDBD@F@DADCBCBADAHBHBHJB@B@BCBEBA@A@CBE@ABA@ABCBABABABCBA@ADCBABA@CBEB@B@B@B@B@B@@@@C@A@ADBB@B@@@@@AAAAE@E@@@IDE@A@A@AA@A@A@C@A@C@A@ABABAD@@ADEB@D@HBFBB@BA@AAC@C@ABCDEB@B@DB@B@@BBBABGBEDAB@BBBBD@JBDBF@BAFABBBBBFB@BBH@D@B@AC@A@A@ABAFCBC@@@E@ADC@@@A"],"encodeOffsets":[[106439,30154]]}},{"type":"Feature","id":"511111","properties":{"name":"沙湾区","cp":[103.549961,29.416536],"childNum":1},"geometry":{"type":"Polygon","coordinates":["@@CCGCA@CAAABCBAB@DBDBDABC@AAAE@CABCBMEEGCCE@KC[AI@E@EFGBIBCAG@Y@KDGFIFGBECGCG@IDIJKJIBCDC@AB@DBDDFH@BDBD@@@B@@@@@@@B@BB@@@@B@@@@BB@@@BB@@@@B@@BB@B@BB@@B@B@DAB@BCDCDADCBAD@BAB@BCB@AA@AA@AAAA@A@CBADCDANGFCAAACEEEEACCEA@A@@@ABBDAB@BA@A@C@A@ABC@AACA@ACEAC@AAAA@C@KAC@ICAA@@@A@ADCJGDABA@A@ABCAEA@@ACAE@A@AACA@@@CDEBADADALAD@BABCBADI@CBA@@AC@AA@AAA@AAACC@E@GBC@@@CCCCEAAA@ABC@A@@AACAE@M@AACAAA@A@@BABCBA@A@AAEBA@C@AAAAAAAE@GDINCBE@EECE@E@CDCLEFADC@IBCAE@CCCECIAICKBI@UAWB[BGBQJQPSNIJCFCDADCDCHADCDCFADAF@DBF@F@DCDCFKHGFCDCDA@A@C@ACCGCECAG@WDE@CBCDADAN@DADCDCDEFCDAFCHCHCDAFAFADEHEJCJEFE@EACCAKCMEGGGGEICE@G@@F@BCHCFAF@F@F@BADCBAB@BDBFF@B@B@BADAD@BCF@DBDA@CB@H@DEN@H@FDDFDLDBB@BBD@FCBABCB@DBFDBD@H@FDFDJFB@BCDCDAF@JBBD@B@F@FBFBFDFDFLJDBD@HFBFBF@F@HBDDBBDDFB@@@BDBD@DCJ@DBB@@B@DGBGBEAGAABADCH@DBHFHJDHFLJNFBFFNH`RBDDDFFFFFBBDFDBBDT@DBDB@BBB@BDCLBDFDH@JDHDNPDFBBBBD@BEDEDEDADABCDCFCB@BA@@@G@@BAB@B@F@D@B@BC@@@A@@GIAC@CBEHCHAF@DBFDVFH@H@FANMPGBCBCBEAA"],"encodeOffsets":[[106170,30177]]}},{"type":"Feature","id":"511113","properties":{"name":"金口河区","cp":[103.077831,29.24602],"childNum":1},"geometry":{"type":"Polygon","coordinates":["@@@EBEHQBIBK@KCKEGCIAICGAEBIBMBMBKBIDKFQHKVOFCBA@C@IBCDADADADABABCBEHALBDCDG@A@AACAC@ABCDCFEBE@AAAIACA@A@K@CACEEECCEAC@GACCEAEA@AAA@A@CHCDIFC@EBEBADCFEFGL@DABABABEDKDGFCBC@C@ABABADA@ABA@C@ABCDEDCDCBCB@BCAC@GAEAEABK@I@KAMBAACBC@CBG@CAE@G@CC@EAE@ACAC@IAIAAC@AIGIEGIIOMUQIEIEGEEAEEKCICGIIIAECGCKAKAG@GEGGEMEECGGEGGIEIEGEGEIIM@CGQCEEAOEGAGCEJMPGJEJORKJILGLCPANBNDNDNFNHLBPAPDNFNHFflDBHHBF@HGHATAJKLBHFDJ@RIVC|BFBDBCF@HBFDFFJDNBF@FCBGBIDABABCBMAEAG@ADILEJADADCFEHKJCF@DBBFD@BAHCPAHBFDDDFDDBDFLDDFDBDDD@FAFAHAHADEDEDCBEBEFCDCFCF@@@FADAD@@BDFDDFDDBFDDDBHDJFJHHJDFDHHHHHFB@BD@H@HAJCNEHBH@DDF@FADCDCFEHAHEDEFCFAHCFAFAF@FDDDFBD@FBHBDBDAF@FBBB@D@DFDF@F@H@HCFCFEDCFCFAFANCP@RDLF"],"encodeOffsets":[[105657,30137]]}},{"type":"Feature","id":"511102","properties":{"name":"市中区","cp":[103.75539,29.588327],"childNum":1},"geometry":{"type":"Polygon","coordinates":["@@@ABAB@BAB@BBDDB@B@@B@@B@D@JAD@BBHDBBB@D@D@DAD@H@FAB@B@BBBB@@DBF@@BB@BB@BBBBB@B@BD@@BB@@@@CB@BABCBA@ABA@AAAA@AA@AAAAIEOACBCDAJ@NIHAF@D@BAD@B@BB@@BB@BAB@B@@BBB@B@BAB@BC@C@C@A@@B@@@DC@@BBB@@A@C@ABABABABA@@@A@@@CAAEG@@AAKAC@CAAA@ABA@A@IAAA@EDAA@@AC@AA@@A@A@ADBBBBA@A@C@A@@FA@@@AAE@A@G@C@CAICI@C@ABC@C@@AAA@CAA@@A@AHA@A@@@A@E@C@A@ABABAB@D@B@B@BA@@BA@A@AAA@@AAA@A@EBC@A@@@@CBAA@@A@A@@@ABABEBABAD@BAD@DCDAB@BABAAA@ACAECGEKG@@AA@C@E@C@ABA@AAAAC@@AA@CAA@@ABABCDADCBABA@ABAAA@AACAAAAAAAAACIAE@AAA@@BA@AB@B@B@D@D@B@DBDBB@DBB@BAB@@ABA@AB@BABA@@@AGCEAC@BAA@A@AA@@@@BEB@D@B@D@DAD@@AB@@AAACAEAEAG@E@GAA@@@@A@ABADEB@BA@A@@@AA@MC@@AC@A@C@C@AFE@@BCAAAAAAA@C@A@CBCDE@A@@CBCBABC@A@G@@@AAAA@A@C@C@@@DBB@BB@@@D@@ABA@CBA@CB@AAAEECCAA@AAAAA@@@AA@@@@@A@@@A@@@@@CAA@@AA@@A@@@@@AFG@A@@AA@@@@@@A@@@AAAA@GA@A@C@ED@A@A@A@AAAA@EBA@A@A@@AAE@ABA@ABC@@@C@@A@A@CA@B@B@D@@A@A@A@A@A@A@AF@DABABCD@BABADABABABAD@BAB@BAF@D@BABAFADA@A@GIGAGACBABADCDCBE@C@CAIQCAI@GBE@AACCAAABABABC@CAAECCECOIOECAE@KAC@A@A@EBKHEDE@ABAB@@EJADA@EDA@@@@BA@@@A@@@AAE@CAAECCIAQACCAECECCAEBGCQACECEAIAEAAAIAE@Q@K@BBAFADADOHMNEBG@G@UEECCAE@GBGDAF@DBDHJ@@@B@@ADA@C@E@A@A@AB@@@H@@ABA@EDCDADCBCBCFCFAFC@AAAACEMOGCICG@ECACDKACA@AAA@AC@CCSAAECACEAEE@B@@BH@BADBPAN@FCDA@@@C@CAA@AAAAA@CAC@A@@AABA@@@A@A@C@@@ABCD@DBDFBJHJFBBB@DB@BBDBF@B@@@BADCFCD@@AB@D@BBBDBBBBBDDB@B@B@@A@CBAB@F@@@B@B@DBB@D@@BBBBD@D@BBDFFHFBBDFBB@BAB@BABADCBEBED@BAB@H@@BBBBDBB@DCB@BAD@BB@BBBBDBBB@FBB@BBHCB@BBB@BDBDBFBB@BBDBJBBBFFJ@B@B@@AB@B@BDB@BCD@@@B@BDBBBBBB@B@BAD@FAB@@B@@AB@D@@BB@BB@ABA@ABABABCFAD@DAB@@ADB@BB@B@BBBBBBBDBBB@B@DBBBBBFDDBBBB@BBBFBHBFBN@JAFAJAJAH@F@VHBB@FAF@BB@@BB@DCDAD@BBBBBFBF@@@D@BBB@BB@DADABADBD@BBBBBBBBAD@BA@CBEACBA@AB@B@BB@BBJ@F@@B@DABCBABABABCBAB@BA@DDBDB@DBDA@@B@B@DBJFFFHFBB@B@DABAH@@@BB@BBDDBBB@B@B@D@D@BBB@@BBB@B@BADCB@B@BB@B@D@DA@@BAB@BAB@BCDCBCBABAB@D@F@F@BABABCJO@@BABADAFAD@BAB@@AB@@BA@@BB@BABB@D@DBDBBDBH@JBDDD@B@DAD@B@FDD@FFLJLJBBB@DBD@FBF@D@BAB@B@D@B@D@B@B@BBBBDDLFD@@DBH@DBBDBFAFAHCH@J@B@DAF@N@D@D@DBBDBBBB"],"encodeOffsets":[[106392,30462]]}},{"type":"Feature","id":"511124","properties":{"name":"井研县","cp":[104.06885,29.651645],"childNum":3},"geometry":{"type":"MultiPolygon","coordinates":[["@@BABAB@@@DD@DDAB@DADAB@BCBAB@BAD@D@BBBB@BFBBBB@D@DBBB@BBBBB@@B@BDBB@BBDBBBDBBBBB@DBB@FAD@BADAB@FBB@D@DBBDFB@@DADABAB@@A@AB@B@B@@A@ADAFCB@B@DB@@@B@BBBB@BBB@B@@A@A@C@ABADADA@@BC@A@A@A@A@C@@@A@CAEAA@@AAAACECEA@CAC@@A@AAE@CBAB@D@@@BBBBB@BADABAB@D@B@B@D@FBFAB@B@FADABABA@A@C@C@C@@@CBCDAB@BBDBB@F@B@BA@@@A@A@A@E@A@CAAIAA@ACCCACAACE@AAA@CBA@AACAAAAC@A@G@AAAAAA@A@ABABAFC@@BABAHCBE@E@ABC@AB@BCB@DCBCBCB@D@BABABCBC@C@@BCBAB@DAB@HFB@B@JC@@F@BA@CAAACBADAB@@@B@@AB@B@B@D@DEDC@CBEBEBAB@DEBANCBABC@A@@BAD@FBD@B@DCDCD@DB@N@@BBB@FBF@D@DAH@D@DAB@BAB@B@B@B@DC@@BCBAB@@@DBD@B@BA@@B@@AB@@A@A@A@@@@AA@AAA@C@@CGAM@CBAH@FBDBBHBBB@BBB@B@BABA@AAACCACA@AA@A@C@ABAB@@A@AACBA@@BAB@B@BA@ABCAAAC@ABAB@B@B@BBB@B@F@B@FABB@@@B@FAD@BBBBAB@B@B@DDDBD@B@BADAB@BA@CBA@AAAAAAA@A@A@A@CBC@@B@B@B@B@@A@@@A@@@@@@D@D@@A@A@AAACACA@@@ABCF@B@H@BAB@@C@@GAA@@A@A@A@@BADADAB@D@D@@@B@BAAACA@@E@E@CBC@A@@A@A@@BE@@BAB@B@DBDBBA@A@@@C@C@CBA@@DAB@@AAA@@MAA@@ABC@A@@AAABA@E@A@A@CAAAC@E@E@EBC@A@A@@AA@@CAAA@EBEB@@EDA@EB@@A@@BAB@J@BABA@KDA@AAA@@AABA@ABCJ@@ABA@A@A@@AC@AA@@@E@AAA@AAA@A@ABA@ABABC@A@@@AAA@@ACAACACAA@@AA@@AAAAE@@@G@AAA@@CAA@CBA@@AA@E@A@A@AACC@@AAA@A@@@CDA@ABAA@A@@@CAA@@C@@BABA@@@AA@@@CBABADCBADEBC@CBC@@BAHAFCHA@@BABC@@BAAC@A@A@A@A@@@ABAFAB@@A@A@A@A@A@A@A@C@@@ACEAA@@CEAAGAAAC@AAA@A@@A@AAAAC@@@@@AB@BA@AEE@@A@ABAB@@A@A@EA@@CAA@A@@AAA@E@C@AB@B@B@FBDBDBB@B@B@B@B@BAB@@ABCBABCBA@A@AAACAACCA@@AC@A@A@AB@B@B@BBBBBBBBB@BBD@D@B@@A@@EC@A@ABA@@@A@ABCD@BA@@@@BB@@@BBAB@@@@A@@A@@@@@@@AAB@@@@@@A@@@@@A@@CA@@AAAAEA@@@@@A@@B@D@B@@@@@@A@A@@AA@AAA@A@@@C@A@AAAAAAA@@AC@AA@AAAAE@C@@@A@@@@BAB@@@F@BABABCBABEB@DADABABABA@A@A@AAAA@@A@A@A@@B@B@BB@F@BB@@@B@@@BA@@@C@@@@@@@@D@@@B@@ABABA@A@A@AA@AAC@A@@CC@A@A@A@@AAA@@@AAA@E@A@@@AAA@@A@ACAAAEC@A@@@AA@EC@AAAAA@AA@@@A@A@@BA@@@AAAA@A@A@A@C@A@AAAEAAAA@EB@@A@@@@BABBB@@@BA@A@@@@@AA@A@@@@A@@@@@ABBB@@AF@@A@ABABA@E@CAA@@@A@A@CDA@A@@@A@AAA@AAECACCA@AAABAB@@A@AA@@AAAAC@AC@A@A@@@A@KACCA@@@AB@B@@@@A@A@AAAA@BC@E@A@@A@A@CACAACAA@ABABD@BB@@@B@@AB@@C@C@AAA@A@AA@@BABABAB@BAB@@ABA@AA@@@ABA@@@ACC@@A@I@AA@A@ABABAAG@A@@BAFA@BB@@BBADBF@B@@AD@@A@A@@BA@EJC@CDAB@@CBCA@@AAA@@AAA@AC@A@CBA@A@AB@@@BD@B@@BAB@@A@A@A@A@AB@B@BA@A@E@AAG@AAAA@ABAB@BA@@@@@AAEEC@AA@@@E@ABA@C@@@@@A@@@AAAA@AAAA@A@CAA@A@@B@@@B@BAB@@A@@AAA@B@@CD@B@F@@ADEDAB@B@B@BBDA@C@G@AAA@AEAAAAEBABE@CAIAC@AAAAA@CBAFAHABAA@@@ACAA@A@CFAD@B@DBD@BABA@EAGAC@A@CF@BC@ABAB@B@B@D@B@D@B@BBBB@B@F@JC@@F@F@BBBB@@@D@@AD@BAB@BBF@BB@B@B@FAB@BB@B@B@B@BFCD@B@B@@HBBBB@@B@@@@@@@BB@@@BEH@B@@@@@BB@@BB@DB@@@@B@@@B@@@@@B@@B@@BBBB@BBBDDFFBB@BDAB@DAB@BA@@@C@@AAA@CA@@D@D@B@B@BB@B@@@H@BADABAD@DB@F@DCDAB@D@B@BBBBBBAD@@EF@B@D@D@BBD@@NDB@@B@@@BABA@CFAB@B@B@@B@HBF@H@FBFBDBBB@BA@@BC@CBC@A@C@A@AF@@@@BBB@B@ABD@FBHD@B@@ABABA@@BAB@BA@ABA@CAA@CACAA@C@C@A@A@A@@BAB@@BB@BBFDJBBBBBBBBDBBBB@BBBAB@BADABCDCBABA@@BB@DBB@@BDBB@BAB@B@D@F@DBB@@LHHFFDDB@BBBABABA@CBCDC@ABC@ABABAFAB@B@@@B@BB@AB@D@@B@D@FAB@B@BB@@BB@B@BAB@@ABA@A@C@A@ABAB@B@B@D@F@B@@@BGB@B@BB@DBB@BB@@@DAD@B@DDJBJ@D@D@H@BBF@B@@EB@@@B@D@BABAACA@B@B@BB@@BBD@@BBFCB@BB@J@BAB@BBBDBD@LBBB@@FHBB@D@@@B@@ABABABAB@B@D@BA@AA@@CD@@A@@@@B@D@DADA@ABA@A@AA@@@ABA@AAA@@AAA@C@ABC@E@GBMJI@CBADBDFPBJBB@BBBB@BB@BAB@BABADABA@@D@@A@@AC@@A@AAAAA@AAAA@@AE@CA@@AAAAA@A@EBG@C@CBC@C@A@AAGCAAC@IBC@A@@@@AA@A@CCAAA@ABA@AB@BBD@B@B@F@H@DFPBBDBB@HED@BBBFAJABABKAABAD@BBFBBFA@BB@FDB@@@HDDBHBDB@BBH@DFFBBBBB@BBB@D@@BABGHABABCH@BBJ@F@BBBB@HBB@D@DBBBDB@@B@B@DABA@ABAB@BAB@BAHBB@LDBA@B@D@@@BADA@EBABABAFAB@BEB@D@BBBHBBBB@BBDDBH@BB@@@"],["@@@@@@@@@@@@@@@@"],["@@@@A@@@@@@@@B@@@@B@@A"]],"encodeOffsets":[[[106458,30572]],[[106667,30205]],[[106650,30178]]]}},{"type":"Feature","id":"511132","properties":{"name":"峨边彝族自治县","cp":[103.262148,29.230271],"childNum":1},"geometry":{"type":"Polygon","coordinates":["@@H@F@JDHFHHFHDNBLDDFBF@FEDIFIFGBCBEBEDCDGDGBEDCFEDCDCBC@CBMBCDCDAF@XCH@DBDFDHBDD@B@B@DCDCHELGDEDC@C@EAE@CBEBCDEDCBCDGDCBCDCDESYCOCKCIEIGUAE@IBMDIBGFEHAH@N@LDH@HCHEFG@EAEEOAI@OBMDQBMAEACUSKIGGKIEKCBCDAHEDKDOFKDE@MAMEMCO@IDIDMFE@OAQ@Q@GBE@AAEEEEAEECCAE@CACACCOCI@GAEAACBCAAACCAEAAC@E@E@A@@CAE@EBGBCDGJEBCACCGKIKCCEAEC@QAAAACCMCAACEAAAAA@@AC@A@AACAA@AAA@C@A@CACC@AA@GAI@KBQBMBIAG@EACAGACGMMIIGICIGOCKAQESBI@IDGHILIJIHIDECIGGMIKK]UGI@A@A@CBABCDCBABA@C@ACEAA@C@CBC@EBEBEBABA@A@C@C@G@A@@GGEECACAAAA@A@CDCDCBCBCBA@C@A@AACBEDADQRKHEBAAAA@@A@@@@@CACAA@@@@@G@CBA@G@EBSDCBABICGCOEC@E@A@AAAAAAGEAAGAEC@@ECCAAG@ECK@KAaBGCECGIEEEKGIECEKMGCEGAI@GBIBEBGAMAGAMCICIGM@@@@GGCGIIICIAKAE@EDEFABC@C@C@ABA@ABA@C@C@ABI@CBABA@CDCBA@ABA@CA@@ACACAEAA@@A@A@ABEDABA@A@G@A@ABABABABABI@A@ABC@@B@BBDENCHCJALEJINELELAHEL@JDPDPDLCNKHCHEJCLAHENAPDTFNHTFNJZBJCLCNIREPCLBLDJHJLHJJDJALELANGNMbILELENGNGNEPAJATDHDHFFNJLDPFLBLFHDLHLJJJDFHDHBPFFBDFHR@DJNFJFHFHFJHJFHHHFDNFHFFH@HBHBLDLDHBFJJHJJDLDFFFBHFJFJFVRPNJJFHHJBJD@BBBJ@JBDBDF@FBD@@D@HBF@DAH@DADBDABBN@L@JALFBFBHBD@DB@ADADADCFCDCBAD@B@BAB@BCBABAD@D@DAHELCFCBABABA@CHKFEDEBCFAFAD@JEDCDGB@B@BBB@BFDFBD@HBDDFFDFFBD@D@L@BDBJBBB@BAFEFCDAD@BBDBD@B@BCHCDKAGBAFADABCBCBCBCBAD@J@DABEDDJHFLBHAF@NBF@BBFFDBF@FBFAF@DAD@B@F@DADCDAD@DBHFDBDAFABCDGDEBID@H@LFH@DBDDBDBDDBBBFAHIDEFCH@HAFBF@FADAFEBC@CAECCECCAAE@IBGBKFGFCF@HDJDFFHJDNJJFHLJHDF@FCJCLAPCLCFCFIFEHCJAJBRB"],"encodeOffsets":[[105921,29992]]}},{"type":"Feature","id":"511126","properties":{"name":"夹江县","cp":[103.578862,29.741019],"childNum":2},"geometry":{"type":"MultiPolygon","coordinates":[["@@@@HEBA@@BCFGAA@AC@EAA@AAAAAEA@@AB@JCB@DADBHBB@B@BA@C@A@AECAA@ABC@ABADABAB@BA@ABA@CAAACAAAAAA@A@AAC@A@C@A@CBABAB@DAB@D@F@B@B@@C@AAEAA@CBAB@DAD@DABA@A@CCCBG@AAAA@A@C@CAA@A@CAACCC@@@C@ABCBG@A@AC@IFCDGBAB@BEAECCACAC@@@CBAAAACAA@CACBA@ABA@EDC@@@AACA@@AC@A@A@CDC@CAC@AAA@ABABAFEBABA@CBABADAB@BABABADG@@BE@A@C@CBEBA@A@AAAA@AAAA@A@E@CBC@ABAD@D@BBD@BBDBD@D@@@BGBA@C@AAAGEEEIECAA@A@@@CBCAA@ACCCB@@ABADABABABADABA@C@AE@I@AAA@@A@ABAB@DAFBDAB@@ABCAAAAAAAAC@CAABCBCBA@@AAA@A@C@@AEAEAAAAC@CBCDA@@AA@@ABE@EAAUGE@G@IBIBEBIBM@EAGAEAAA@AAAAACCAEAAAA@C@AAACAAAAAAA@A@AAAA@@@C@A@@BCB@DABBB@B@BGDCDABABEDC@C@A@CAC@A@@@ABABADGLABABC@CBA@A@EB@BGHIJKHMHQJKFKFIHELCJGHIFKD@@@@QHUAUBQBiDMCKCOGIGEGEMGKEMMOEEGEEAEBEBG@C@AHAFABCBCAC@GCC@C@AD@DADCB@FADCFAB@@BDBBBBAB@BCBABCBC@C@CAAA@ABCHEBC@CAEAIACCACCEAECE@A@AB@BABADABC@C@ABEF@B@@@@B@@@@@BB@@B@@@B@@@B@B@@BB@@B@@@BABA@A@EAGACAE@A@@C@AFE@@@@CAAA@@@@A@@@@@@@A@@@C@@AIB@@ABBBBD@J@BABKHCFABBD@BBBFFFFBBGLAF@F@N@DBFDDHJDBLFDBBBBDAFABKHBBBDBFFF@BBD@BCC@B@DBF@FDBDFDDFBDBFDBBBFBD@JBB@BB@FAD@B@BDBD@@@BD@@@B@@@B@B@@@B@B@DBD@@@F@@@F@B@BABAB@BCBAB@B@@@@@@D@@B@B@@AB@@@B@@@H@DADADAHDJHHJ@DB@BBBAB@BGB@DAD@H@@@DABC@@@AGAEEAABCBCDCBABCBA@@@C@AAABAB@B@BBDDB@B@@@B@@A@C@A@@@ABAD@B@B@BA@AB@B@B@DB@@DA@C@E@ABGBABAD@BBBDDHBH@B@DADGFENADBDFLAF@@@B@BBH@DAD@BBB@@CF@LBB@BB@FAD@B@FBJ@P@FBL@JAH@JELEBABBBBDFDFB@DDHBF@BAB@@@BBDFBBDDBBBBABBFBDBF@BB@BBD@B@B@B@HCJCB@D@DBBB@D@F@BBDAP@D@D@BAFABABGBE@CB@B@BB@FD@B@@@B@@ABMACBA@AB@B@D@BBB@BD@BBDBF@D@@ABCBA@@F@BAB@@CB@@AAA@@@ABAB@BBB@D@B@B@BCB@@A@A@@B@B@B@B@@@B@@@B@B@@@B@BAB@BAF@@@DAB@@BBBBBBBDAD@FBB@BAB@B@BBB@BB@BBBBBB@DBB@DBDF@DCBA@ABADBD@B@@C@A@A@A@AD@BABA@AB@B@@@BFBBB@ADABAB@BBB@JFHFDDBB@@@F@FCDABABABA@ADBBF@@BDADAHABAFCA@@ADADA@@@@DAB@FABBB@@@@D@BDBJHDBB@D@B@B@BAB@BAHBJ@B@D@BBD@BBBBFBBB@@AFAD@BB@D@D@LADAFADADCB@FAFAD@DA@ABAAI@ABA@@AC@ACC@A@A@@D@FA@@BA@AAA@ABA@@FAD@FDD@B@@A@ACAAA@A@ABAB@F@BABA@AA@@AA@@ABABE@AB@DALAB@BBFCBA@@@CCA@@@AAA@A@@B@DA@@BA@@D@@ABA"],["@@@AB@@AB@BAB@@A@@@AAA@@@@A@@@A@BA@@@A@@A@A@@@A@A@@@@B@B@B@@A@@@A@@@@B@@C@@@A@@A@@@@@@A@BB@@A@A@AB@BAB@@@BBBD@DB@A@@@@B@BBBB@@@B@@B@B@@BB@@@@A@@A@@@@A@@@@@@BA@A@@@@@A"]],"encodeOffsets":[[[106205,30586]],[[106002,30575]]]}},{"type":"Feature","id":"511133","properties":{"name":"马边彝族自治县","cp":[103.546851,28.838933],"childNum":1},"geometry":{"type":"Polygon","coordinates":["@@ABGCCAGCIACAEAGCCGAAACCAECECGCEAIAEDCDC@E@ICCAAAAEAEDMHEDE@EAEC@ACCAACAA@C@EACACGECCAEAGCECCAAGAE@C@GCEEEBE@IACAE@E@CAAA@G@ACEE@EABCDABAHCF@D@DCBC@CDG@ABCDIDGBC@G@E@AGEC@ACDEBAFC@CEBE@C@GAEAC@C@CC@E@ADABAD@F@LDD@B@FCFEBE@CAAGCAAE@AAKQCACCECCCEEEECCCCCCAECM@CCAC@C@CBCBE@C@KCACCCECAACAE@CAEAEBEAE@CAG@CACCGCCAGAEAGCAAACAC@E@E@C@EBCCBCBGFABADAB@DABIHKDI@KA[I@@CAC@CAGDGDIBW@K@CEDKBKEMS_IIIGIKSGECEGGAKCKAI@MCOAKEICKCOIEICICGAG@EJGJGPEHOAECEBIBICMEMCICKGEGCKAGEECIMKIQICEECIBGAKDEBABCD@FCDEBEDAHADABC@E@CACBABCBG@ABCBGJAHELAHEJKTA@@BAB@@ADCD@@CDAB@D@B@BAHADCBADADCFAD@D@@@@AF@D@D@BADEHCBEFILABA@A@GBMFGDKDC@I@E@ABA@@BCDADABABCBAB@VAR@FC^ALDFFBZNJHPJFJDFFNBDBLBHBJBNDJJHHRDFLNDHDLDVBFJLJHRLHJDLBN@HCHOPMHMJIFABEHEDGJGHIPEJEHILGHEDGBKFIBUAE@C@CB@B@D@@@B@H@D@D@BABABAFAF@FAD@D@DBBDF@B@DABABCDADAB@D@B@BHJ^VLLNJHHDJCFGJIJKJGJCH@JAJFTBRDLHPDJHJJJNNDHHBDBFBH@JBNARALAJ@HBB@@BDDDBB@D@B@BBB@DBBBB@D@@BB@BBBBDFBBNDDDBBBB@RFDFBDDJLHLDDDBFAHIDCHAFAF@DB@@@B@F@FBDFBDBBDBBADBDFBHBJ@PDDDDBDBF@DBFDBFFFFFBBF@HAR@R@PBF@NEJCJCP@NDNFNBF@LCPELCFCBGDCDADEDIJEJAXBJFTDFBDCBEAKBIBMDABCDADADCBABAB@DBB@JBBAD@DADAJABADAFADABCB@BABA@C@A@GAC@C@G@C@ABABAD@HA@CBA@CBABCBABADADAD@DABA@A@A@E@C@EAG@C@CDC@C@C@KAKAECCAKCCAAAACECCACACGE@A@CBCBAAAEG@A@CBCDEBA@C@ACAAACACCAAAC@ABABCBA@C@AAG@AACACACBAB@B@N@N@PBJAZ@F@HBH@F@FBHBDADADAD@F@BBFDBBDBD@B@BBBD@DBFBBDBB@FAF@D@DDHFDFFDDDFDFBNBJDVHJFHHFDHDFBF@DAHCFGJWDIJ]BEFGFIDE@C@CAA@C"],"encodeOffsets":[[106321,29538]]}},{"type":"Feature","id":"511181","properties":{"name":"峨眉山市","cp":[103.492488,29.597478],"childNum":1},"geometry":{"type":"Polygon","coordinates":["@@BC@@BA@CBCDEBABABAB@BAA@@AAA@@@CBA@@@AA@EBC@ABA@A@AAAACA@A@A@@DC@ACA@A@ABA@@@A@AEIAEAAAIAC@AAAAEACACA@AAA@GDAAA@EAA@AAACAA@AAAC@ABA@CDA@CAAAAA@@@GBA@AFCFADABCBA@ABA@AAACEAAGEEEAC@A@CACAA@AC@A@CAA@A@@@E@A@AB@D@BA@A@A@CCAAAACAAA@A@CBA@@DCDEBC@A@@@AAEAC@ACAA@AAIEIGEAAC@CDCBA@@D@B@B@@@B@BA@BB@D@DBB@BBBBB@DBD@@@B@DC@EBMAOBC@AAG@@@AEECCAC_QMGEEEAIMEKCGGIGECAG@CDABBBBHAFAHCHA@@@AA@CDI@CACAC@@A@CEACCAAC@G@EAEAEGEC@CAKICECEAEAE@E@E@AACIAE@CBCDADA@IEECECG@C@CAAE@CDABADA@EAC@AAAKCECCC@E@GFM@C@GDAB@AC@CDE@ABCBC@A@A@AEECA@ABADABC@A@E@EBEDEDG@A@EQAIAIBGDEFEJEDKDODKBIDEDE@GCKIEGIICMGIEEICGCE@EDEHALAH@JBFDBFDDDBF@DADEFCBEBE@EAGBG@EDCFGJEBAACAACACCCCAG@KEG@C@AJCFCHADEBCBCAGECAC@CBCDCBE@A@C@CBE@EBEAE@CAEEAAE@MAE@GBKAGECIUPGLERCLAJALANANAJBFDHBJDJFHDL@LALAJGRAF@F@JBLDLBNBN@JBRFHBFFBLBLBPANANAN@PBNEJAN@LDFBHDBBD@D@BD@BBF@BFJBDFDHDDDDDBDCBEBE@I@CBC@@@@@A@@@CA@@A@AA@@A@@@@@E@C@A@A@CBCBABA@@DBBBBDFBD@B@B@BBB@@BD@BBBB@@@FF@@@B@@CFAD@@@B@@ADCFCH@@AB@@IPAB@@@BBB@DBFBFBD@@@@BDDB@@BB@@B@B@@B@@@@B@B@B@BBB@BDALBDBDCLADCD@BHFDDFBFBFAPCHAJBBB@BBBAF@DDBFBH@FBBDFHFDFBF@B@BDBBBDDJBDBBJBBB@DCPAB@FBDBDD@JDFDJDHDLDLJ@DBBDBDBD@HCD@H@FAFAFBHFFFNPFNHLFNFHJHPHLDNDjCRAVAVBRG@@@@LCJEHGDIFKJGLELERINGLGJIHG@AFAB@B@DAD@BABAHKBCBABA@@B@D@DBB@D@D@FCBABADCHC@A@AAABA@CDA@AB@D@@@"],"encodeOffsets":[[106101,30342]]}},{"type":"Feature","id":"511129","properties":{"name":"沐川县","cp":[103.90211,28.956338],"childNum":2},"geometry":{"type":"MultiPolygon","coordinates":[["@@B@BAD@D@DBB@LDBBBBBBBB@BBDBBB@BBB@D@D@NAFBB@D@B@@@DABAB@BABABAFAB@DCBA@A@C@C@CAAACA@AAECCCGEAAAAACBE@C@CBAAC@CCCACCCAACAEAAC@AACAC@CBCBAFEDA@@BABCDABADABCD@DAB@BAB@@CDI@AACAAACCAAAGCAA@@@ABAD@D@@ABAAAB@AAAE@A@AAECA@@AA@@A@@@AA@AA@@AB@BADAB@B@@AB@FCFADAB@@@H@F@B@B@B@B@@AB@B@B@J@H@@@B@B@@@BA@@DE@CBEFCNCFADEDIJ_BCBABCBABAB@FEBAB@FAD@D@D@B@BBD@FBHBFDB@HBD@BAD@B@DAD@@@Bi@@A@@@@A@AC@GCAAA@C@CAAC@A@@AAAAD@@BBABBBAB@BAD@D@@@@@B@B@DBJ@B@FBB@B@@@B@@@@BB@@B@@@BTACA@A@A@AAC@CAAAA@CBAFEBCDAFCBA@@LFDADAB@J@DAFAFAF@D@DBB@@BBBBDBBBBBBBBD@@@B@BABEBABAB@DAF@H@B@D@BAD@D@B@D@FAFARAD@H@H@B@BADCB@BAD@B@B@BDBBBBNBDAFBD@B@@@DC@EBAL@@@DABAB@@AFA@@DBD@DAB@HBB@B@BAB@B@BFBBBBBDD@@BLLF@D@DAFCF@F@FB@@DBDBB@B@B@B@BADAD@PDDAD@@@@A@AB@CCCE@ABCF@F@F@DCBSDEDCDBJFB@B@B@FAHAHAB@@C@AEM@A@AEE@@@A@A@@CIAA@ABC@A@A@M@A@C@ADMAEBC@GAAACACAAEAAAAAIM@AC@C@@@A@ABCBA@A@@@A@CHCDiNEDG@G@EC@EBMRaB@BE@IBGBK@@BADAD@FABC@CECCAICCCGECEA@CCGAI@CAMOEAA@@@QCEA@ACIAG@EBEBABC@EFO@@A@A@@@CCEEA@@@A@@A@@@@A@@ABA@AAEC@EDCBCBCBKBCBABA@CBAAA@CEBEDO@CCAGAC@CBCBABC@CCCEEC@ABADAJ@BABABA@C@@@E@M@I@EBA@ABCDCJE@A@@AAA@CACAABEDCF@@A@A@ACAEAACAEACAEAC@E@C@CBCAC@ECACACBE@ECECCCAACCCCAEAGCC@AAABCBCBADCFEDC@GBCBCBGLCFCDEDG@C@CBADAFADCBGFCDCDCBCDEBCFCBADIFCDCBCFEHCDEFCBIBCBCBABIFCDABCDABC@@DBB@D@DCFEJEHAFI^CJIXEHGDCBE@EAGCECGGIEUGICMAEAECCCECCEGECCC@E@EBA@CAAAAE@CACAAA@C@CAAAECAAE@C@CBCBCBGAEAE@G@GAE@Y@IBOAM@M@A@A@ABBDBDBD@BBH@B@DABADAB@BBDBBDDDBBBDB@B@DABCFAD@D@BFHBBABAD@D@BHFBDBDDDDFBBBBDDBLDDBFBL@L@D@DCD@D@DBH@F@D@F@B@BABCBC@CBCBABABADAB@DAB@DGBC@ABAB@B@D@H@DBD@H@B@DABABA@ADCBEBCBABIBCBCBC@ABIAA@CAA@ABABCDCBCBADCBANAJBLAFCDEASCIEWAIBIFCJCFFLLJHHLJVTBDBFANCRAN@PBJFPBF@FEHGFGDG@KCM@G@GBEFAHCJAN@JBFHVFJDJDLDPTZJITMRORIHA\\AXAVBJ@LAJDJBFDDD@DBFAD@JCDEBKFCD@D@FDFFFF@DAJMHCF@BBBBBB@B@DABBF@B@BABADAB@@@BBBDBBBN@F@DBBB@@@BAD@BBBFBDDDD@@D@HAF@D@BDBBB@BBB@@BBD"],["@@F@@@BBBB@B@BBBDBBADAD@DADABAD@@A@@@A@A@EBA@GBABAF@BAFKFC@AAAAAAAC@ECCCSB@D@B@@@F@B@@@D@@@BA@ABA@@A@@@@AAA@A@@@A@AA@@@@CAC@Aj"]],"encodeOffsets":[[[106205,29953]],[[106358,29795]]]}},{"type":"Feature","id":"511123","properties":{"name":"犍为县","cp":[103.944266,29.209782],"childNum":3},"geometry":{"type":"MultiPolygon","coordinates":[["@@BDBBB@@B@BBD@@@BA@@BA@@B@BB@D@DBD@@@B@@AB@BB@@BBB@@@D@DCDCHGBAD@FBD@B@BADKHGBCBA@@B@@FAT@F@DBBBBFBL@B@DBDBD@DALEBADEF@BBDAH@B@B@BB@BBFBBBB@BB@D@B@@@B@F@F@B@@B@@@DAB@@EDABAB@@BBB@D@JAJABAFABABABCBCDMBIBEDEDCFADCDEBCFIBCB@B@DB@BD@JAB@@B@@@BA@@BADDBBBBD@BBH@B@BAD@DAD@B@@@D@@BBHBBBFDB@B@BADE@AD@B@B@HBBBD@DBH@B@BBBB@BA@ABAB@BBBBDFDDB@F@B@BADEDC@C@AA@AAGA@@B@@@B@@AJBH@@@B@D@B@@@@@B@@A@CDBD@B@@BBHD@@DBDFBDBB@D@B@B@@@BBBD@B@DBB@@B@D@BABA@@AAAA@AAE@GAA@@B@B@D@B@BABCD@BCDCB@BC@C@ABABB@@@B@B@B@@@@B@DBBBDBB@H@@LDBB@@DCB@BAB@@BCF@@B@@@B@B@B@@@BBFA@@BA@A@@@AB@@@B@DBD@BDB@B@@ADC@AB@BAB@BDBBFDBDBBB@BBBB@F@@AB@@CBA@ABABC@CBA@@BAB@BA@A@A@@BBFCHBB@BABABLD@@@B@BAFABBBB@@BB@@@B@@@BB@B@BBB@@@@@BBDBB@BB@@@BA@A@A@@@AB@B@DBB@B@BB@BBBBB@@B@@@@@D@B@BAF@@@B@@BFDBF@B@@@@ABA@AB@BBBBBH@BBF@B@B@@A@ABAB@B@B@B@@@BA@AA@C@@A@@BAB@B@DAB@D@@BBB@BB@BB@@DBDA@@BADCD@FIB@@AB@B@@@BC@@@AAEBCAA@@AAB@BE@AB@H@BBBABAB@B@@B@J@BD@BD@@B@BA@@B@@BAB@BA@ABA@ABABAB@@BBB@B@BBD@D@@@BA@@@A@@AAC@BABAB@DBBBBD@D@B@BB@F@D@@ABBBBB@B@@@@@@ABA@@B@DDLBB@@@B@B@D@@BDAB@@A@@AC@@@ABC@A@C@ABA@A@A@A@A@A@A@@@G@C@ABE@CBABA@@FAFAB@FB@BB@DB@BB@@BBBBBFBDBFDDDDB@@DBB@D@@@FADA@@BBB@DABC@@@A@A@CDEDADE@A@A@E@AAC@AA@A@A@@@EDA@CBAB@@CAA@AA@CAC@C@CBABC@G@C@CEI@A@@BCBCB@HEBA@@BA@AB@B@@@BBB@@B@@BB@@BBBDB@@BDBBBB@J@HBHF@BBBBBHBBBB@B@@@BA@BDAAA@CBCFEBAFADA@CAAEBCA@A@CFG@A@A@C@@D@DAB@FBBB@BDD@@BBB@NBBA@@BA@A@C@CAA@AA@@@A@AACC@ABA@AB@B@@@B@@@BAB@BA@A@@AA@@@@@AA@AACAA@@AC@ABEBA@A@@AAA@A@ADADAB@BAB@BEBC@AFCBA@A@@AA@C@AA@ABA@@@ABA@AAAAA@A@A@A@CB@@AB@B@B@BBB@BCBABAD@BA@@@AB@D@B@BA@A@@@CACA@A@AACBCA@@A@C@A@C@E@AA@@@CBABA@@B@B@@ABABAA@@AAA@CCACA@@@A@@@@@@F@BA@A@@@@@ECCAA@C@CACBA@@ACB@BCBA@G@CBE@AB@@CBCDABCBA@C@A@AA@@BADGBA@C@@AEACA@CCAAAA@A@K@ABADA@@B@@@B@FA@@B@DCBABAB@BAB@DBFBB@F@BA@@BA@@BA@C@ABEB@B@B@B@@B@BFBD@D@LEF@D@FBFBF@B@D@BA@CEI@CAC@ALIFEDABCAECEOGEACCAECCECECE@EACEAOEQAEBEDEFAFDFHDHDBBBBDJNFDDBH@FADEDGBI@OBIBE@A@A@A@@AA@AAA@C@CACAGAE@CB@@ABABA@I@E@CDEHCJARHF@DB@@H@ACAC@C@AAGBA@C@AB@BA@@DAFCDA@@BA@AB@@A@AAAAAA@@A@A@@BAB@H@DA@@FA@A@A@AA@AAA@@@E@A@A@AAA@@AAAACAAA@AAA@E@A@A@AAAAC@AA@AA@BABA@@FAB@@A@A@AAI@AACFGBG@EEEMECAAAAA@A@AAA@A@C@@BADE@A@@AA@AEAGGEAAAAACE@@AA@A@A@A@A@C@@BA@CAACAAAA@BA@CDI@@DC@AA@@AIBA@@ABABCBCBCB@@A@ABEBA@@AA@AAA@@CCABCA@@AAAA@ABE@E@A@GEK@E@CDC@AAAE@E@AAAAAAA@GBGBEBA@A@A@IECACDCFATCDE@E@E@AD@BDFDDA@@B@B@@C@CBOCC@CBABA@A@A@A@CACA@@EAE@E@EDCBC@E@KK@AC@ACAAAAAEA@A@ABA@A@GAA@CBC@CA@@EB@BA@ABCB@@K@AB@FCD@@A@C@EACBMAAAAAACA@A@C@ABA@CDABA@G@G@C@QBEBEBC@A@C@C@ABC@A@G@E@CBA@ABABAFABA@@@C@AAAAAAAAACAA@AA@CAC@E@EBEBCBI@A@CBCBKE@@ABEDCBADEFAB@DBBBB@DBD@B@B@BDBDDFDD@BBBBBB@BEDELABE@ABAB@HAB@F@B@B@@@BC@ABCBCBC@CBABCAAA@A@AAAAA@@E@@@C@CBA@C@ABC@GAA@ECGAEAC@AAA@C@C@C@EBA@ABEFA@ABABADABADI`CJCFEBMDEDAF@DCF@@AB@@A@A@@@G@I@A@A@A@@BA@A@A@A@E@G@@@A@CBEBEDA@@BA@A@CBABA@@BB@@BBB@@B@@@BB@@DBBF@B@BBFBBA@BBAB@BC@C@AB@B@@BBHDBBDBBDBBBD@BCJ@DA@ABA@CBC@ADCBABCBADAB@@CBEFABAD@DBDBD@BBDFBDBBBDDBDDD@DBDAB@D@DAFBDBBBBHFDDFDBBB@BDBB@D@D@D@BABCDA@EBABABABA@ABCB@@A@C@A@EAMBC@C@A@AAA@AAAC@AAAAAAAAAKCA@CAC@C@ABA@@@AB@DCJABADABC@KBCBCBABCF@D@@DBBBB@F@DB@BB@BFAD@B@BABCBIHCD@B@B@@BBJDD@LBD@B@BB@BBDDF@BDBBBD@BAB@D@B@B@@ABAACBA@@B@B@DFBDFFFFBDBB"],["@@@BB@B@BBBB@B@ABAAECB@@@@A@@@A@"],["@@@A@@@AA@@A@@A@@@A@A@EAA@I@CAA@A@@@@@C@C@ABA@ABAAAB@AC@BBBB@@@BBDDBD@B@BBHDD@@B@B@@B@@@D@DB@@@@BBB@@@B@B@BB@@@@@BB@BAB@@A@@@C@@@A@E@@@A@C"]],"encodeOffsets":[[[106230,30017]],[[106631,30106]],[[106371,29767]]]}}],"UTF8Encoding":true}