{"type":"FeatureCollection","features":[{"type":"Feature","id":"512002","properties":{"name":"雁江区","cp":[104.642338,30.121686],"childNum":5},"geometry":{"type":"MultiPolygon","coordinates":[["@@@DB@D@@AB@@ADC@CDGBEFCFDFHB@DDBBB@BA@@DCDCDEBADCBABGBABCDALEHADAHCFEBA@A@C@A@ABCFCFADABABC@CBE@GA@@@@@@@A@@@@@B@@@@@@@@@@C@C@CBCBABCF@FAD@BA@CAEAC@@@A@AACAEA@@ABA@ABA@ABA@AAAAA@@@AB@BAB@BA@@@@@A@@A@A@A@@A@@@@@A@@F@@@@@BA@AD@B@@@@A@@@@@AA@@@BA@@@@@A@@@@EBA@A@@A@@@A@AA@@@C@@@@A@@BABA@@@A@@@@AAC@C@CAA@@@@AAA@AAAAA@A@@@@@AD@@@@@AAC@AAA@@@AAA@A@@@A@ABA@@@CACAGEKEQEEGMYIIEGEEQGICGAAACBMEKG@ACAAAAA@ACAA@AAA@AA@C@A@@BAB@B@@@@A@AAA@@A@@@AB@@A@E@A@A@@BCAAA@AA@BAB@D@B@BA@@@AA@IE@@AC@@A@CBABA@A@A@@A@@BEDC@A@A@AA@@@A@ABA@A@A@@A@A@CBADE@A@AAAAAA@A@IDCBCAC@AA@A@@BAF@BABE@ABE@ABA@@@AA@A@CAC@AAA@CAA@ABA@CB@@A@A@@@@EA@AAC@AAA@@A@ABABAB@BAB@@A@@AAA@EAA@@A@ABAAE@A@AD@B@H@B@B@BBBB@FDJAD@BBBB@@@B@B@D@LCDA@CCCEEAA@GACECIAGAKEEA@AAC@ABA@AD@BA@ACEAAAA@AA@AAABA@ABA@A@AAACAC@AAAC@ABA@ABAB@@@DB@BBHBFBFD@B@@ABA@E@C@C@A@A@AB@BBB@B@B@B@@ABC@@@CAAA@@EEAACEGCCCAAA@AC@ABADCDA@ABA@E@A@E@@A@A@EDA@@BDB@BB@@DA@A@EAA@AAC@A@ABC@A@A@CBABABABA@EAA@AAA@AA@@AE@AGBECEA@A@ABCDE@@DABCDC@CBAD@BADC@@AAA@ABE@EBC@A@AAABA@AD@B@BABCBABA@AAA@ACA@E@A@AAC@AA@@A@CAA@A@AB@BBBBB@B@B@B@@ABA@CA@AAA@AAAAAC@A@CAAA@@@ABCB@BAFEDCDABABABA@@@ABAB@DA@@@AACCCEAA@CBE@CAA@CB@@A@AB@BAB@B@FBB@D@B@BADA@AAAA@AACAAA@A@ABAF@B@B@BBBB@DDB@BB@B@D@@@B@BDAB@BBBDBDB@DBFB@B@@@BEDEBAAA@A@@@@B@BA@CBE@@BCAAAAAA@C@CAA@A@A@@B@BBD@BB@BBDABBB@B@@BAB@@ABE@A@A@EBA@BD@B@BCBABCDA@A@AB@BDDBD@@@B@BABIBE@A@AA@@C@CAA@AB@B@B@B@BBD@B@DABCFADAB@D@D@F@B@BA@A@A@AAAAEAA@AA@AAA@@AAC@ABC@C@AA@@@ABC@@@AA@GBEBCFCD@DBBDDDBHBJ@H@HBBDBDADEFEFEBIBGAA@C@@@ABCB@@ABC@AA@@A@A@A@@BABABCBABABC@@AC@A@CAAAA@A@CBAB@BBB@DGH@@A@A@A@AAA@AABKB@@A@AA@CCEGCI@ADGDAJ@JED@JFHBN@DABEDCAEECEEAACAGCG@CACGBEBAAGAGAEA@EBABABABACAC@@E@ADADBHADCDAFCDKB@BABBBFBDDJD@B@BEDCFA@@@CCAAE@@@CF@BFDBB@DAHCDABGHADAFABGBG@GGCIIGCGE@C@@AABA@CBA@A@C@A@A@ABAAA@A@AGACCCCAC@ABADEJCD@B@B@@CBAB@BAB@@ABA@@BCACBA@@@AACB@AAAADCBA@@@A@AA@@AC@@@C@AAAC@AAC@CA@A@A@@DCBC@AA@G@EBA@@@ABDF@BAB@D@D@BAD@D@@@BB@BAB@@B@@@@@DBBBB@@B@@@BA@@@A@A@@@AB@@BB@@B@BB@@@B@@@@@@B@@BB@@B@@@DF@@A@@BABA@BD@@B@BB@@@BABA@AB@@AB@@A@BB@B@@B@BA@ABB@@@F@BBB@BCB@BA@@@BBBB@@CD@@@B@B@B@BA@A@@@@FBB@@@@@BA@A@A@@@@@@ABA@@A@@@A@@@@B@B@@@B@B@B@@@B@@@BA@A@CBE@UJCBAD@B@FA@A@EACCCCCG@@CAA@CBADADAHADADEDAD@BDDBF@B@BADCDABCAA@A@C@AB@BAFADAFIDCBC@GCCCAC@C@ABCDEBAAA@AA@C@_BMDG@C@AB@@@BBD@F@@ABABBB@@@B@@A@C@EAA@C@ABA@AB@D@B@BBDBDBDBBBBFBD@HALCF@@@B@@@@DABCDMLCDAD@F@B@BBBB@H@FBFBBDFF@B@BA@CBC@A@A@A@@BBBJDBBBB@BADABABIBA@C@ECCAE@E@CB@BA@@BBB@@ABCDGF@B@B@@@B@BCBA@BFABCBUDA@AB@BB@@@F@D@BBBDBBBBHBFBB@JHCHADCDADCFAB@B@BBBBBB@H@@@BBAD@B@D@BBB@BB@D@F@F@BDAB@B@BHA@AB@@@@@@@BA@@@@@@@B@@@@@@B@@@@@@@@@@@@@GNBBFDFBB@B@BADEBAD@B@B@HH@B@B@BEFA@AD@D@BBDBD@@@D@BAFABBB@BBBBBDBJDHDFD@@BAFIBCBABAB@D@JBLBDBBBBBBDFJBBB@B@DADCBABIDCB@B@LFLFPFLDDB@BBBBHBHB@@BFBHBDBFBHFFDBBJBDDBBBD@D@HBH@F@BEBC@ADABBD@BDBDBLBB@D@FCJGF@T@NAJ@H@FBH@B@BD@DAJ@FCFORCDEF@BAD@BBBBFDHFFDDDBD@B@B@HGDEFAHAHAF@LBFFB@BAFEDAD@D@BBLXBDDHDJBFHFHDD@B@B@BAB@B@B@DDBB@@B@B@BABABC@C@I@CBA@AB@F@BADAHAB@F@F@DBBBBBBLB@BBBB@@LB@@B@FADAB@LDB@B@BADABCDABAD@D@D@BCDCCUAKAGCIBGFCNGJENEJENCLEHGPMJMLMHGJKFIHEPEHCJGLEFIBIBIHEB@@CAAAC@CDAB@@BBD@DB@@@B@B@B@B@@@BBB@DABAB@DBDBBAB@BAB@BBB@BBBD@@B@@@DADAB@B@@B@DB@@@B@BE@CB@BAB@B@J@F@FBD@FBDBFFBBD@BBDAB@DADAD@LBJ@BA@@@@B@@@@@@@"],["@@@C@@A@@@ABDB"],["@@HMA@@@@@@@@@@@@B@@@@A@@@@@@@@@@@@@A@@@GB@B@BDDBB"],["@@@@A@@@@@@@@@@@B@"],["@@@@@@D@@@@@BA@AB@@@AAAC@@C@@@A@@B@B@B@BBB"]],"encodeOffsets":[[[107498,30897]],[[107498,30899]],[[106976,30881]],[[107569,30839]],[[107424,30623]]]}},{"type":"Feature","id":"512022","properties":{"name":"乐至县","cp":[105.031142,30.275619],"childNum":10},"geometry":{"type":"MultiPolygon","coordinates":[["@@@@BA@@BA@@@CAC@@ACA@AA@@AA@@@A@@A@ABC@@A@@A@@@@ABADCB@BCBA@@@A@@AA@A@AB@BA@A@@@C@A@@@@BAD@DA@A@@@A@@BADABA@ABA@@@CBA@AB@B@B@@@BBBBDCBC@CACAEGGAAAA@ADIBADCBEFKFCBABC@@AE@C@A@CBCBABA@A@A@@ACAAC@ABA@A@AACCAAA@A@C@@BCBA@@BAA@@@@CE@@CCAC@ABA@ADAFCB@D@DABADAFBB@F@BC@ABMCA@@AC@A@@CAC@EB@@A@@@@@@AA@@@@@@@@@@@@@@@@@@@@@@@@@@@@A@@@@@@@@@@@@@@@@@@@@@@@@@@@CAAAAEEA@@A@AB@D@FAB@D@B@DC@@B@@@FD@@B@@@BCBA@@B@B@@@AAAB@@AA@@@A@@C@@@@AB@BABB@@@BB@@@@AA@@@B@@@B@@@A@@@@@@A@@@@@@@@@@@@@@@@@@B@@B@@BA@@@@@@@@@@@@@@@A@@@@@B@@@@@@@@@@@@@@@@DB@@BA@ADA@@@A@@CC@A@@BA@AB@@A@AB@@@@@A@@@B@@@@@@@@@@@@@@@@@@@@@@@@@@@@@@AAA@@DCD@D@@@D@BA@O@A@CBCJOBCBADAD@@ABAAI@@@C@CBAB@BAFC@@@@@@BBB@BBDB@@B@D@BABADAB@F@F@HBD@DAB@BA@@@AA@G@A@AA@A@AFABA@AB@@A@A@@@ABAHK@AFABABAD@FCDAB@DADF@@@@B@B@DADCBAFAHCHAH@B@BA@@@ABABABAHAJBJBDBBAB@BADOAMBEBABCFCFCDABAHB@BABABAD@BB@@B@@BB@@B@BADCDCBA@@B@D@B@B@@AAA@@B@D@F@D@DB@@B@DAB@@@@@@@@B@B@@@BF@@@B@@DBD@@BEDEDC@C@CCGECAAEA@@@@@@A@GAGAA@CC@C@A@EBCDG@AA@@AA@A@CBCD@B@D@JBD@B@@AB@BCDA@A@@@A@A@@CAAAA@AAAACAAA@AA@@CCEIEACAA@AA@A@I@AA@@AE@C@CAA@CCCC@A@A@CFEBAAAACEIIOC@C@@@CA@A@ABKBCB@B@DBFBFBB@BAB@BC@C@GBE@GAK@ACAICAACAEECGACBABAB@FAH@JDF@D@BABEBCB@B@DBDFD@D@B@DCBABI@OBGJOBADBD@@A@@@A@@BB@@FB@AAC@C@A@EFGBG@IAKCGAGEISSGEAACC@AA@AACACAA@@AA@@A@CCCAAAAA@A@IFCBCDC@CBCBC@A@A@AAAC@@A@@FABAA@AACBCAE@@C@A@CDCBEDABC@AA@@ACAC@A@@B@BA@@BA@AAAA@A@@BAFABA@AA@ABGACCAA@A@A@AA@AABABAB@B@@@B@D@BDD@B@D@DCD@@A@@@A@@@@@@@@@A@@@@@@AA@@BACAECC@CACCCEEC@CBABABA@AC@C@CC@ABCBA@@B@@BB@@ABA@CBK@EAEBCBCDCDABCBC@AAAC@AAG@C@CBCDCBCBEBCAC@EACCCC@C@EBAB@BJDBB@BABABAH@BABABA@AAACECGCCCCAAACBC@A@EACACAC@@B@B@D@FABGDABCACEAACBA@A@A@A@ECAAA@A@CBIBABCBB@B@BB@@B@BBD@BB@@@@C@@B@@@@@BBBBB@BBB@B@@B@DBD@D@BB@@@@@B@@ABAB@@@B@@D@@@B@@B@B@@@BB@B@FA@@@@@B@@@@AB@@B@@B@@@@@B@@A@C@@BAB@@@@E@@@@B@@@@@BB@B@B@@@@B@@@@ABA@ABA@@B@@BBBB@BAB@BAB@BAB@BB@BFBD@B@B@@BDBF@DABC@EBE@ADABAD@D@D@DB@@@@HAF@DADABCBEBEDAD@B@B@D@BABEFGDCBGBKFCBADABAHABCDABCFCDCD@@ABA@AACCA@EGECEDAFCH@DCD@BA@@BC@A@CAI@KAC@CBCBA@CBAAC@AAEECAEAC@EAE@I@A@A@ABA@@DAFA@@@A@@C@AA@A@CBCB@@A@@@ACAAA@AAA@ABA@ABCACAA@ABCBA@AA@@A@A@A@A@@@A@@CAC@AA@CB@DBDBB@DA@GFAJAJEJKFIHGDOFGFEJILGHKNINONGHKFMDIFMFIFMHEDAHDJBHBLDVBODEFCBABBB@BFDFBDBB@J@BB@DBBBBBBA@A@CBAB@BA@@BBBDB@@@DA@@FB@@DAB@@@B@@B@@@BABAB@D@@BB@BHD@BB@DADABA@@B@BBDDDBB@D@D@F@DBBBDJ@N@B@FAD@B@D@H@N@BADABABC@CBAB@BAFCDGHCH@B@BBBB@D@B@BADCLIBC@A@GBABA@@DA@BD@BB@BBH@D@BBDDDBJBDB@BBJ@FAHAD@DCBAB@B@@BBB@BBH@DBDBBBBD@B@@@BD@DBBB@@@B@BCD@@@B@@BB@@BABAFMLOLA@@@A@@C@A@G@A@@AACBA@AB@DAD@DBBDHFF@D@L@T@@A@@@@@G@ABABCF@D@D@B@BFHBD@BBBA\\@DBL@JAHAJ@D@LBBBD@DABCF@D@B@D@DDFBDBB@F@BAHBB@@@B@D@@@BDBF@B@@B@@@B@BAD@@@D@BFFHLBDBD@D@@BDBB@@BB@N@BAD@B@BCBAB@BA@C@AAEACEAAA@CBAD@@@BBB@B@D@BAB@BA@CBA@@@ADEDCF@D@D@DADA@ADAB@@ABCB@BFB@@BD@BAL@FADEL@J@DBB@@D@DAFABBB@DDBD@B@BAB@BB@B@HAD@BB@@BDCP@@BDBBD@B@BCDOBWBEBCBAB@BBB@BBABAJBHBBDBF@B@HAB@@BBBBBB@B@BBBDBHBBB@BBB@@@DCB@BADBBBBBB@@@FGDAD@@AB@@A@@CA@@@@BAB@BA@AAACEAA@@A@BAB@@BB@BB@AB@@ACG@E@C@AB@DAFAB@B@BB@BAF@H@BB@BBDAF@DBDB@BDBDB@@BA@G@@EE@@@AB@B@BBFBFBBA@@@A@@@A@A@@BC@EBCJMFE@A@AAAECA@@@@CACBCBE@@@C@AAACC@@@CBCBAFGFIBCFOPYBEDAD@F@F@D@F@BADABB@AB@BAD@HBD@BB@B@B@D@BD@B@BAFADABBD@BD@BBB@H@B@DGFABBDD@DDB@B@@@B@@A@@@AF@@@B@B@@@BDBBB@@@HAHADABABEDGBC@ABCBAF@DAFBB@BDB@BBB@"],["@@@@@@@@@@@@@@@@@@@@@@@@@@@@@@@@"],["@@@@@@@@@@@@@@@@@@@@@@@@@@@@@@@@@@@@@@"],["@@AA@@@@@@@B@@@@@@B@"],["@@CA@@@@@@@@@@@B@@@@@@@@@@@@@A@@@@@@@@@@AB@@@@@@@@@@@@@@@@@@@B@@@@@@@@@A@@@@@@@@@@@@@@A@B@@B@@DB@AB@@A"],["@@@@@@@@@@@@@@@@@@@@@@@@@@@@@@@@@@@@@@@@@@@@"],["@@@@@@@@@@@@@@@@@@@@@@@@@@@@@@@@"],["@@@@@@@@A@@@@@@@B@@@"],["@@EAA@@@@BDBB@BA@@"],["@@@@@@@@A@@@@@B@@@@@@@@@@@@@@@"]],"encodeOffsets":[[[107589,31269]],[[107597,31173]],[[107596,31173]],[[107603,31143]],[[107620,31126]],[[107624,31115]],[[107723,31040]],[[107498,30897]],[[107774,30862]],[[107568,30839]]]}},{"type":"Feature","id":"512021","properties":{"name":"安岳县","cp":[105.336764,30.099206],"childNum":4},"geometry":{"type":"MultiPolygon","coordinates":[["@@CE@A@@@ABGIOA@C@@B@BA@ACACACACACECACCA@C@A@A@ABC@CAAA@BA@@@AAA@A@@B@@@DAB@BAB@@BBBB@@@B@BA@@@@B@BB@BBD@@BA@C@AAACC@ABAF@HCB@B@@@BDBD@D@B@@@@BB@@B@BBB@@@B@BD@@BB@@DB@@B@@BDDBB@@B@H@@@@@BCB@@@B@@@@@DFB@@@B@B@B@@@B@BA@A@@B@DBB@B@@ADA@AB@D@@@B@@@@CAC@AAICGEAIACAAAACAACAC@G@CAAA@ABADAB@BAAA@CAEDAD@D@D@D@BABA@@DAJMHGDABAH@F@DBB@BAB@D@FABADCDAB@B@B@DBBBB@B@B@@ADAAA@@DADAF@DBFAB@BAAA@ACECAAA@ABC@CBC@I@IBC@AD@BADBHBFAB@@ABA@CBABADADAB@FBDBHFDBD@BABCBA@CBA@E@CAA@@@A@CDCB@FAB@@ABCBEBCBC@C@C@ABBBBDBDADAB@DBBDBBB@@A@ABC@ADCDAB@FBF@@BDBBBDDDBB@B@BABCDCBC@CBC@A@CBCB@F@B@DBFHDBDBF@DBBC@A@AAAAACA@@@ABADADCD@BAAA@@@AB@BAB@@A@@CA@A@@@A@@@A@A@A@@A@@A@@@@@@E@A@A@@@@ADA@AB@@C@@@@AC@A@@@A@@A@A@@@A@@@BB@@A@AAAB@@A@@@@@AA@CA@@@@@ABA@@@@A@@A@@A@AA@ABA@AAA@@@@AAC@@@@@A@@BB@@@@@@@C@@@@A@A@@@@@A@@@@C@@@A@A@@AC@AAAAAC@@A@A@A@AAI@ABA@@BAB@BC@EBABA@@DQ@AA@AA@@CCCC@AA@E@A@@A@@@ABA@@ACCCA@@ABA@@AA@A@@D@@A@A@A@AAAC@C@@A@@BEAAAAC@CAA@AB@@CCCAAA@A@@BAFEFEFEBA@@AA@AB@@@B@B@@A@C@CBAAAAAC@A@@AAA@ABADABA@@BA@ABABAB@B@@@B@@A@@H@J@D@DBB@FCDA@@@AA@AA@@@A@@A@@A@@@BA@A@@@AAA@@@B@DC@ABA@@A@@A@@AA@@@AB@@AAA@C@CBA@@@A@A@@@@AA@AAA@ABC@@@@DABAB@@A@@AAAAA@C@@@A@A@A@CAA@AAC@A@A@@AA@AAA@@@@A@A@CBA@A@@@A@@@AAAA@CAA@AAAC@@A@A@@A@@@A@A@@C@AAA@@BEB@B@B@@A@A@A@AAA@@@AA@BA@A@A@@@@@ABABA@AB@@@B@@@B@BAB@@@B@@@B@@A@E@A@A@A@@@@@ABA@A@AB@@A@@@@@A@A@AACACAC@@AAABC@CA@@AA@A@A@A@AAEE@@ABA@ADABC@ECAAC@A@CAE@AAACAAABC@IBEBIBEBAB@B@B@BCBA@@@A@AEAAAAAAAA@A@AA@A@@AA@@E@@DE@A@AA@A@A@AB@@CA@A@@BADCB@@C@AAA@@CCCAAA@@ABA@E@@@CBIDCBADA@@A@A@AA@@@AAC@A@@A@@@@@CD@@A@AA@@A@A@IAG@CAEAEAG@C@@BCDAB@D@BA@CCCUUCC@ACE@C@ABCBAHECK@GBC@AA@AAE@GAAAA@@@@AA@@@B@@@BA@@@@@@AAAA@A@@@ABA@ABAB@@AAAB@@A@@BA@AAC@AAA@@A@@@CBCBA@C@@BCDCDCDCJA@@@CCECAAAA@C@E@AB@B@HCDA@@@A@@AACAKECIA@C@IGCA@@@ABABA@ABCLG@C@AA@KAA@AACA@BCBCDADABAF@BABABKBQFGBA@ABA@ADAFCFABAB@@A@C@GAA@CACCCCAACCCGAC@A@C@ABEBCBAB@DAB@B@@@BA@A@C@EAA@ABABGBCCAAAAAAAA@AAEBCBA@AACAC@@@C@EBCBC@A@CAEAA@CBGBE@E@CBABCBGFA@ABAFABAB@B@BABCBGJABBBFH@D@D@BA@A@AAE@@@@B@D@BBD@BDD@@@BABAB@B@@BB@B@@@B@@A@A@A@AB@@@B@@@BABAB@@CD@@A@ABAB@@A@@BCDABCBCDAFCFADADDFBDDHBDBHBFBH@DBDADBHBF@FBD@D@FCDADEBIBK@CACBAAAFBD@D@DABCDCBAFAN@BCDAFCDEDCBEDADCBA@ACAAAEACEE@AAGBA@ABC@C@AAAECKCEBABCBE@CBA@ABADEFCDGFE@EAIAA@A@CBC@C@A@E@C@AAAA@AACAACAAA@A@AAABE@IAC@AAAA@EBC@IAEAAAEAEBEBG@EBAACAC@A@ABCDCDADEBC@G@C@C@ABBD@D@BBBDBBBBD@FCHAD@BA@GB@BAB@B@BBDBB@BEDEHGFIFE@GAOCQ@]DCDCBCACAGCGAG@GACACAECCCCCCAEAABC@C@AAEAC@C@C@CHADABG@KBKFGFCBCBCBADEFABEJAFABAB@BAB@BADABB@DBAH@FABABADAFBBBBD@BABCDADEBCD@D@D@DBBD@DBD@DADCHBBBHAHCJGHEFMFWJOF@LJNJDBJ@DEBQESDGHELAJOHEFGHEHGDEDGBG@I@KAGAIBEDIFCFEHIJKD_CDB@BBBBBDB@BLHNFDABBHBJDRHFFFHJJNZFHRFLFHFDBDB@@B@BAB@@@DABAJADAB@B@BBFDB@B@B@B@DABBDFDBBAHCBA@E@C@A@AD@DBDBFBB@D@DABBDBDDHDFDBDBBB@BABA@ABGBABA@AAAIC@ABAFAD@D@DDBD@FBDADAFADCDAD@D@DBH@BBDBBD@DABADCDCDAFAFBL@DAB@BA@@AA@@@AB@DABAD@@D@DBDB@BABADAD@FFDDBD@DDDBFBD@AB@@B@@@@B@@@@@@@@@B@@@B@@@DC@C@C@ACC@A@C@A@@@ABABABA@BBBB@B@B@DBBDAH@BBBB@BABE@AB@B@BB@BAB@@ABA@@@@BBDBD@@BBD@BAFCDADCB@D@@@BFADBD@BBBBA@EB@@@BDBBB@B@D@DADAD@DCDAJEB@B@BBBBDD@D@BB@@BB@DBDBBBB@@BDDBBHFTTFJBHDHBL@JAHEH@F@B@DBD@B@@ABA@CAC@CAABIPAH@PAJABCDA@C@C@CECAA@A@ADAFABC@E@ICG@EBA@ABABBDDHFFDBBBJDDB@BBL@HAF@H@DADA@ABA@EAEACAA@A@ADAL@B@BDB@@D@D@JPFJBDBBABEF@D@B@BDDDDB@DBD@F@@BB@@B@J@BBBB@DBFBFJDD@@BBB@BBBDBB@BBBBB@DB@B@@@B@B@DC@ABA@@@AAC@I@C@ADCDAB@B@@BB@@BCHAD@F@B@DDDB@HBHBB@@@@@@@FBBBFDDH@D@DCDCFAF@BB@H@B@B@BBB@B@B@@@DCBADAD@B@@@F@@BDB@BB@@AHA@@B@@@BB@@@B@@AF@B@@@B@@@BB@@@HAB@@@BBFF@@B@BBB@B@DAB@B@DBB@@BBB@BBBBBB@BBFAB@DB@@FAB@@@@B@@@B@BAD@B@@@@B@D@BA@BB@BBBB@B@@B@@ADEB@@AB@F@@@B@@A@@CI@A@A@@DANHDB@BBB@@@D@@@@@@BBJ@@@@AAA@A@A@@BC@ABA@AA@@ADCNO@@AA@@A@@@@@A@@AB@@@@@@A@@@@E@@AA@B@@@B@B@B@@ABA@@@@@@BABA@A@A@@BA@@BA@@B@FB@BDAHAB@@@B@@BFHBBB@@@F@B@B@FB@BD@@@B@BD@@HD@@BB@@DBB@@@BB@DBB@@BBB@@@B@@@DG@@BAB@F@BA@@@A@C@ACC@@@A@AAC@@@@BA@@B@HBB@B@@@BA@@@A@AAAAAA@CAAAB@BA@A@@@CBC@A@ADCBA@C@@B@DCB@@@DBB@B@B@B@B@@BBD@@@B@HB@@B@@B@D@B@BABAB@AA@C@A@C@E@@BA@ABABA@@@@DBB@D@@@B@DB@BF@B@B@BAHEB@BAD@B@B@DCBA@@@A@E@AB@@@BAHCBAB@@A@A@@@ABABC@A@@@A@@AA@A@A@E@A@A@ADADCDCBCDA@@DBFDB@B@@A@@FGH@DEB@BAHABADAHEBAB@@@BBBBBB@BDF@@@F@B@@@BBBBFDBBBB@B@D@@AB@HIDA@AB@J@B@@@@ABEBA@@DCBABC@@@AB@B@DBB@BA@@BABE@@@A@@AAA@CB@AA@@@"],["@@DCECEAECA@JPB@@AB@B@"],["@@@@AA@@@B@@@@B@"],["@@@@A@@B@@@AA@@@@@A@@@@@@@A@BB@@@@BB@@@B@@@@B@@@BA@AB@@A@@A@@@"]],"encodeOffsets":[[[108091,30921]],[[108093,30911]],[[107771,30861]],[[108117,30851]]]}}],"UTF8Encoding":true}