{"type":"FeatureCollection","features":[{"type":"Feature","id":"653201","properties":{"name":"和田市","cp":[79.927542,37.108944],"childNum":1},"geometry":{"type":"Polygon","coordinates":["@@@B@F@BADGLAB@B@B@DBTDV@B@D@D@B@DBBBBDDBDDBBBBBB@FBDBD@BBD@DB@BBD@F@BADEJCDKRCBC@ABABIFUH_JEBSFKDEBBTBD@H@JADADEHCHAD@DADAD@D@B@B@DBB@B@@BD@@@BB@@@@B@@BB@D@@@B@BAB@@@B@@BB@BBB@@FFDD@@BB@@B@@@@B@@B@BB@DA@@B@@@BAD@@A@@BA@@@@@@@BD@@@@@B@@ABB@@@@@@BB@@BA@@@A@AB@B@BAD@F@JBBBFBB@@@B@@@B@@@BB@@BB@@BB@@@@BB@@BABBBAB@@@BB@BB@@@B@@@@C@@@AB@@BB@@AF@B@@AB@@@B@@BBB@@B@@@@A@A@@@@@A@@@AB@@@BD@@@@B@@@@A@@B@@BB@@@B@B@BAB@@BB@@@@BA@@@@BB@@B@@@@BA@@@A@@BA@@@ABA@@@@B@BA@A@@@@@@@@BA@@B@B@@@@ABBB@@BBA@BB@@B@@@@@@B@@B@@B@@@B@B@@@@@@BA@@@B@@BB@BB@B@@@@@B@@BB@@B@@@@@@@@@B@@@@B@@@@B@@@@@@B@@A@@DA@@@B@@@BB@@@B@@@ABB@ABB@@@@@AB@B@B@@@@@@B@@A@@B@@BB@@B@@BB@@@F@D@BB@BB@@@@ABBB@@A@@@@@@B@@@@@BBABBB@@@@DCB@BA@@@@B@@A@@B@BBBBB@D@@@BCHIN@B@@@B@BBBBBB@@BB@@BB@@BB@@B@BB@@@@@@A@@@@B@AC@@B@@A@A@@BAB@BBB@D@@@@A@@@@BA@@@@AA@@B@@@BB@@@B@B@@@@D@B@BAB@@B@@B@BA@@@A@@B@@@@A@@B@B@@@B@B@DDBBB@@@B@@DBB@BBHBB@BBBHD@@DB@@BBBB@B@@BB@@D@@BBBJJBBBAN@LBFBB@@BAB@@ADAB@@B@BF@JCF@DDFHHLJFHHNFNHNJ\\PXBHDN^@CA@AGGCEGSGGI_AAAAEGCECAACCIGGW]BABEDAHG@A@`@j@PLDBJJN`BBDBdRCBCBAFK@CDEFM@IGIGCEEESGWQCACCEAECGCECEA@SACCEAAICQAWAECAA@A@ACA@AEG@AAA@AAC@AJBF@J@P@D@FAHC@A@C@A@IAGAA@CCCCCACCAOCAAEACAA@W@COJAACA@@AAAC@@A@CCCAAAACMIO@@@@GGAA@@@@K[AGEEAACGAAFA@@GEAA@A@AGA[MU@@@A@@A@A@@BA@@AA@@AEAC@AAC@@@@BA@A@@@ACA@A@ABC@AACEC@A@ABA@C@C@CAA@AACAAAAAA@A@A@C@A@ACC@A@A@@BC@@@EA@@A@AB@@A@AAC@A@AAAA@A@CCE@@AGCAAAC@ACA@A@ACAAA@A@E@@@AA@@@C@CAA@AAAA@@@AA@A@@A@AAA@A@ACCCAAA@@@A@CAA@A@@B@@@BA@@B@@A@@AA@AAAAA@A@C@@@AACCCAC@@@@@@DABA@A@C@C@@@AAA@AB@@ABA@@A@A@A@CBA@A@AA@A"],"encodeOffsets":[[81811,37803]]}},{"type":"Feature","id":"653222","properties":{"name":"墨玉县","cp":[79.736629,37.271511],"childNum":1},"geometry":{"type":"Polygon","coordinates":["@@AACEAE@CAEAG@GG_AKGW@A@C@ABC@@BA@CBGDEBCHI@@JOHIFIHIFGHEFIBCBEDE@E@GAGAEAECCAGCGCEECEGCCEEAEAIBIFGFI@MFWHKHODM@GAE@IAIAEAI@GAGCEAMGICMCI@GBI@EBIDGDGBE@E@E@C@ACECGCMAODKFGFEDEFIFGFMDGBEAGBIBIAM@MCQ@KCK@GCGCICECGCEGEEGCECIBIBGDE@GAKCEEIAICICGCG@G@O@M@IBKAIAMAMBKAG@KCIAEEIEEGEKEOEKEGECIEIEIAKCK@K@G@IBI@IDEDKFGHIFGPQLKLGPGNERENENEREPEJCHEFCHCLEFGBE@EBG@KAKCYCOAOAQAIAK@K@I@KBKBIBMBM@K@GAK@GAG@IAGACCGCIEIGGCEGICGCE@GAG@I@I@GDK@KBGAIAKEKGGGMGIGICGCE@SEKGKEMIOEKEIEIGMCICKCIAICKAMAM@GAICIMOMIOKQKMGMIKKIIEGCGCGGGEGECGEKEIGGCEAKCIAOCKAIAC@GAM@OAOCIEIGGEGECEACAKEGICGCGCCCIAIAWGKGMIKEECIEGEGEKGGKCO@KAO@KAOAGAGAGCEAGEG@KFKDMFI@KAEAGCICGGEGCECKEKCCGCKEKCCA@ACACCCA@CA@AAAEEGIEKEECIEEEEIEICGCICGEICEAIAG@I@IBODECEGAECACAC@G@IBEBIBIAEKFIBGBEDC@CAEG@EBUHEACGDEJGBC@C@CAEGEKGGGGGAIEICCEGGGEGIGIIEEAE@E@EAAEAEAG@GDIBOCKCGECE@EAEG@EAE@I@GCAGFMAEECE@GAMCICDMLQAI@ACEACAGAEKCIAIAEEDGJEPIJEFEDE@CACGAGDGBGDG@KCCCECECGEGGCEEG@GBGDECGCAAAI@OBEKBGGEKBKBIAICIGICKEEEKEMGEIDIFEDGBEAEECGAGAGAGEGGCGAC@ECGCGAGAEEEMAI@MBIAIEGCCCCCACCCCEGGGGGCGACAGCCC@EAEAE@CEEIE@GHIBEDGBEACGGGGIEIIGMWQeEEAKUIKGCKDIFGBWIYC[UE@QICAM_EEUEGEUIMWWWIEU]CMKO@OLaCGakGE[KGGG_IISCGKIUUYAGBIPiIQQSAOFKAIYGEEEISQGEGCEEGWCE@@@@KSIgFe@WAIGQAGKYEIUKCKBCCMAQU[IIEI@GHQAQI[DIDS@QLcRIJADCNIJIJOFGDUAOKG[OMCUEUIOMQW[EGAo_C@MCYGOMKWESMMQCOB@@@@GBOHI^CpKPIJSJ_Bq@KBIBETDTCPOVKJkFKASLGAyOQQKGIBGJQFSCSFANQNKDEBMDGVUJQJKFK@WDGpcJQDMEQEGBONOBKEEKE]CGCG[EKI_EYIOWD]KI@MFCBCDGFQBG@YOQAKFQLQDcOE@uHQIYGwFKK_SEEIAMGGGCYAiCIaYMADFCDAFEF@DCNGHELEHELIJKHGJKHKJGJEJEPQXELELIHKLMJIHKHMFILIJCJCLELEHAJAL@H@NBJ@HBPFfFPFhBJDP@LBLFNJPLNJHJHFLBBDBRDJD@HETCLG\\IbAL@L@FDJHNDJFLFJHHPTNTLNPNLLDJFNBJDLDFPPPNJPXNJFHHRPJLVLLFJDZJFFDH@BBBBDFDDBDDPPRZHP@D@DBFDN`|ÖJTJTZ´PTRbÐbÎbÎfÔ`ÂNR~NNt^ÖN¬JVÄLLNNP¨P¬R¬P¬\\üG\\YBjBXBZFTBPAFB@@BBB@FBFBDDDDDDFBDBFBDBFBDBBDDBDBDLFDDFFBD@VBDBTDDHHBDBDFHDH@@AB@J@H@L@BBDBD@BADCHGJ@@BB@BFBBBBBBDDD@D@B@DCHBLBHBJDPBLDTBFBNDLBJ@FBDBLRT¦LvPL~X®rĪBNT¦^ÆHd@BDXN|DZJtLrF\\DVF\\BFǎÝÌwºoa[ǾLv@vBÎBȌJŐF@"],"encodeOffsets":[[82837,40428]]}},{"type":"Feature","id":"653223","properties":{"name":"皮山县","cp":[78.282301,37.616332],"childNum":1},"geometry":{"type":"Polygon","coordinates":["@@BEAOESAYAWAiZH[[ûO«Q«O«O§MMKKUÃIM«]ÕMsMQ}M_ÁeÓaÍaÍaÏQSOY³ISISÕ_{CMAE@C@CGOQYOOCCCAECACAA@ACGEEYIICKEUKIKQOGGIEWMIOOMOOCECKAIEMCIKKOMKMMSOSGGEIEKCIGMCI@E@KBKJaH[DKFS@GICQCCAAAEKIGIGKMIOEMAK@KCOAIEgEOEeAO@GAI@M@GBKBIFGFKDKDIJIJKNELGJGNILKJGFKFKRWFOFIHILILGHILGJIFKFGFKHGDM@CFEBEDCCEAAeCUHMHKLMDGAWWCAQDRk@QAEU]IGACBG@GOKIEGIIGAMKKCKGGKEOCQCKEMIMGQIMEQGMEMCSCKCKAECAE@M@MAG@IEICCIIEIGOCE@MAE@M@GCGGKKIGIKIKKIIKK@@E@EAEAKGECKKCGCGEAMEEAGAKHOFCBEAEICOACQEA@GAECEGCEACGAKCEAIAGEEECE@I@GDIBEBCCECCCCAA@EAI@GBILUDEBGBGFGHGDAFCDAFCDG@GBG@OD_BO@QACCAQGGCEAEAI@A@EEAG@E@CCICC@@AACAAACG@ACE@@AA@CAC@@EEAACACEACAE@AECAEACEKGGAACCACEGCECE@AA@@EBAAABEAC@ACEACGCGCEECEGEGI@@@E@CDKDYBGCGIGKECAF@\\ILANENCHC@@@E@C@ABCBCB@BCHGDABADE@CBC@A@ABEDCBAPC@AH@BAFCDCDABCDABABADAHE@ADADAHCD@B@F@B@B@D@FEHCBAFCDABABA@ADADCBCFCDABCDCBEBGBA@@@ADE@ADCDEBABAB@BABA@I@EKUAAAAIAEACEBGAAICG@KAGAKAOECAGBGBWEEBIAIBIBKBA@A@II@EC@M@EAC@CACACCA@KBEAC@CBIBA@C@ECECGK@E@E@AC@CAEC@A@@@ABC@ACCCIAAIAICMCICEAAAAGAAA@CBC@IBEDA@A@UGMAICGEGEIICCGIUUECEAEAC@ICEAIIACCECGCE@ADGAGCEGCCAKBA@E@CAAAEECAMCECCAGACAI@EBIFGBEBC@C@EAEAE@C@MBEBC@IAMCA@E@CBQFOAQ@E@GACAACAIFI@ECCKCUGKAQAKBCAE@ME_OUGKAIAECEECIEICCECCCAEDCFEF@JEEEACI@IDKBS@GCEGMGKAKCCEAEAE@Q@C@KAGAGGKCECCAG@KFM@ACKGSCSAGCQCQ@E@CEI@EDG@MAKMYGODGPKDCBI@E@GEGEACCACCE@CKWAWGQSIuCe@UEYGUGYAQDKBQ@YBED@BXRHJFHFBHFLHPDJHHFDLBJ@NBLFNJLLJLPLNHDGBC@C@GBQ@M@I@MBOAQA[EGCE@S@ABI@CGEMCMKKKBKJGJCBMTAB@BOAGCIAU@Q@IGGGMAM@SHOJOJIBGEB_GSMAQHKHMLUZIJM@MOURQHONONIJAD@BBB@@BBB@@BB@B@@@B@@@@@@B@@AFAJ@D@@@@AB@@CB@@ABA@A@@@CA@@A@A@C@CAA@EEA@AAA@@@A@@@A@@BA@ADCJCFAFADCDCDABC@AB@@@@@@@BB@BBB@@DBBB@FBBB@BBBBB@@AB@B@BBB@BB@B@@BB@@B@@BD@F@B@B@DAB@B@BB@B@@@B@@BBBB@FDDBLFF@DBB@@B@@ADA@@BAD@B@B@B@D@BB@DBD@BBNFFDFDHBF@D@F@@@BB@@ABCD@B@B@DFJ@DBHAHAJAJAD@D@L@BABGBGBCBCDCDCD@D@DBBBBB@B@H@BABBB@B@DDD@DHDDHHDFBB@B@@ABCDABAD@B@D@D@B@BABEDCBCF@BABGFCBABA@A@C@G@A@ABCDABABBB@BBDBD@BCFAD@B@DDH@HBFBBBBBBFBN@JBF@D@HABAD@DBB@BBBB@J@B@BABCBEBA@ABCDADAD@@@D@BBHBDBD@B@B@@@BGF@@ADGFADA@CBA@AB@@@NDHDDB@BBB@@@D@JEDCF@@@B@BBBFFFBDBBB@F@JBD@D@NC@@BB@BBJ@J@F@D@B@DBHCLCFAHAD@DA@@BGBA@ABAJAD@D@B@FAD@DB@@BBBBB@@@DAD@@@B@B@@@DCJGJADEFCBCBABABCDABCBADAB@F@DBD@@@@D@DADAB@BB@@B@B@F@D@F@JAB@@ABADAFAB@DADA@CBC@@BAB@D@@BDBDD@B@@ADBB@B@@B@LDBBDBB@F@DBB@DBBBDBFB@B@D@BBBBBDBBDDDHD@B@@@@@BE@ABEHA@@BBB@J@B@BBBB@FBBB@@@B@BABGDA@EH@BBB@B@BEF@BA@@@GAAAECCCA@E@CBA@AB@DABA@CBADABEBCDADAB@B@BBBAD@D@@ABA@AD@@AB@B@BADA@AF@B@DA@ABA@CBE@A@C@C@EAA@EBABC@@B@@@B@@ABADCDEFIDKDIDIFMFIDIFMHKBE@I@I@EBEDGBIAOBMBKFGFCJ@NAFMV@LBF@DAJ@FBJBLCHADFFDBBFDFFBHDB@D@H@JCRCF@D@FBFDF@B@NAD@BBAZ@NBDHFJBJBBFBFFJBFJHHHHDHBLDBBFFBFFHNLFBH@DALGLAF@F@DFJJLFJ@LDRBHD@DAJCDIDOHEDEFABAHGHUPEFGHBDAHCHGDMLOPKLGPEHKFGLWPC@K@EDEBIDqCEAKIGIEEEAIBIDCBGCGCK@E@GDEDELCFGDGDOFSPGLGJGBIBIFG@GAEDADALADIFIHI@G@GDAFMLGDIH@HFFTXDH@JEHKNCHKLGJCFQJOHE\\@HAHCFGHOJMLCFI@GCECIBKFGBKDEFEHCDKAGAGB[HCDITK@K@KAOCK@KBIBG@IAGBI@IHGHIFIFCFAD@FBJAJBFDDDFBF@DAFAH@FFDFBDADAJAFBFBLBREH@JBFBNJHFFBHBJAPCLAPLJDBFFHDDAHBBFHBH@HBHDFFBFBJHFJFHDFNBJ@N@PEJ@L@NBHBBFFL@B@B@BC@E@@AG@CBA@@BBB@D@F@D@BBBdND@NDNB\\@FDDBFFDHBZFDJBF@HB@B@DAFITGJGJGDIBI@IDSZCDE@IACBCDEHEFKFKFGDg^EBG@E@EDCDCHIFEDA@GHEHAFCFIHMNGBKHEJAJANDHFJBLDFLbBHLFLDLLLV@H@BABIFCFCL@PDFDF@F@JG`@L@B@B@FLHHDNAJCLEFAH@NBNFNDP@T@R@P@DDDJJNDH@HDHJJLFVPHPBBBBDP@FBLBD@HDFFDFDBBAHCJMX@PAJBNFPDHHFHDHBDF@FCRRbHNBN@T_bCJBR@PIJILGD@@ABABABBBFFRJBD@F@DAD@D@DAB@@@BCFABCD@@ADAD@B@BDF@B@BBB@B@B@BABABCBEBABCBAD@B@BA@@D@B@P@B@F@DDF@D@D@@AFADAD@@CDABABCBCBMHCBCBMDC@@BABABCBA@ABCFADCD@BCD@BCDA@@B@B@B@BBB@@DFFDFFHHDHBH@HAJDHHDNFRJJHBDBDAFEFCDADFHFDF@BBIFAJDHBNHNNXBHDVHRFLHRBJCJ@HDLBJ@HCNAJELAJDHFF@FENEXDPBHFH@FKNEJCL@HLDBF@HAJBJFFHFFBXEJ@JBJDX\\BFFFHFLPHJRNHH@FELENAJFLHNVXfb`hx|rzrznx^bpxLPZ`RTVVXXjh`\\xt®¦®¤ZXFFPNRPª¨ LJjfVRTPLJJDªvÒfv\\LFhT|^z\\z\\x\\ÞbzZv\\XNrr¢trbRhTHFVJLFLDLBTDR@H@HAnAJAJEB@B@F@FBJDNDZHNFPDHBDBBBFJBF@BBBDDB@DBB@DAB@B@JCF@HAF@D@D@D@FAFAJEDABAHCD@FANAHAD@F@B@B@DADCHCFADAVCBAD@D@LBD@D@F@B@F@FANA@@XAD@HCHCFCFENEPGHAHAJAF@B@B@"],"encodeOffsets":[[81479,39716]]}},{"type":"Feature","id":"653225","properties":{"name":"策勒县","cp":[80.803572,37.001672],"childNum":1},"geometry":{"type":"Polygon","coordinates":["@@C@KLEJAFEDC@BN@N@HCDGHCHCHCBGBCBKEC@CB@BEFI@CAC@GDIFMBMDKLELAPCBSHA@CA@ABECCE@C@KBKFOFCD@FBFFHAFGJIFE@IBOCE@C@CJKNCDC@GCIGGGGEIAGDCDC@CACEIAGJOTINIPEPCVCHEHGDQLGH@J@N@FALGJ@H@F@H@FCFGFABANCFGHYfILKFMJIFGBGDIHORUPIDQ@G@E@CFAJCJ@H@DABEDCBAFBDJBHBDDJJHNDH@DBFBJFFDH@D@F@DEJINMTABINMNGFAHB@VFpZNFLFJJB@LCFAFBBB@FBJ@FCDCBEHCHAHAH@DBFBDDBLJABADEDCDKHGFIFEFEHEZ@BAH@HABAB@FDHLTHFFBJBFFHHBDBFBD@@AFCDADA@CF@BAD@B@DABAB@@@BBBFFBDDD@B@F@B@B@BAB@BBFBDBB@D@BADAB@B@B@B@DAB@@@B@BABABCDABAB@@@D@DAD@B@BBF@BBD@@BBD@DBBBBBBBB@BB@BDD@B@B@B@F@D@D@B@DAB@B@B@D@B@B@B@B@D@BBB@D@DAD@DAB@BBBBDBF@B@B@BBD@BA@ABCD@@DDBBBBDB@@DDB@BBBJ@B@B@BBF@BBBA@A@C@@B@B@B@@BBDDBDBBBD@DAF@@@B@B@BDF@BBD@F@B@D@B@B@@ABCDCBAD@@@BBB@B@D@BAB@B@DABEDADAFBBDFBB@BB@BB@B@B@DB@FDD@@@@B@BDB@B@BDDBBBBD@BBB@BBDDB@FBB@DBBB@@@BBB@DB@@BBAB@B@B@DDFDHDB@HDBBJD@BBBBDB@DB@@@BBB@@BB@BDBBBBD@BDHBB@DBBBBBBBB@@@@B@BBBDDBHBBB@FBBBB@@BBDAB@D@FBFBBBDBBBBB@B@B@BFDBBB@BBB@DBF@B@FBBBBB@D@B@B@BB@@B@BAFBBBDDBBDDBDDDFBBBBBB@B@B@D@BBB@BBD@DBBDDBBBD@BBBDFDBDBHFLFBBDBBB@BBBBF@B@B@HAD@BADAH@BBB@BB@BBLDFAB@JBDBFBBBB@FD@D@D@D@DA@ABAB@BADAB@B@BCD@@CDABAB@BBD@BB@DBB@DBBB@@@BADAB@B@B@D@B@B@BADCBAD@@@BAB@D@B@BB@@D@BDDBDAB@BC@@@ADAFAB@BA@ABA@@B@@@BBBDB@@BBB@D@BBFBBBFBBB@BABADABAB@@@BABADABA@ABCDA@A@@D@B@@@B@BBB@BB@BBDB@@@B@@AD@@@DB@B@BB@@@BAB@@AH@DAB@@ED@@@@@B@B@B@BABAFAD@@ABABADCDABAB@BA@BBBAHCFEJATET@F@HCRMHAN@HBLDHFPFLFJ@DAHAF@JFFBFBLBJALBrTHDDF@HCHEHIRAH@VBHDLDRDL@@@BFFFR@@CDADADCDB@ABCD@B@DDBJF@BJFBB@BDF@BBBD@F@@B@B@DAD@BCHA@ADAB@@ABCBADAFDB@D@@ABAB@BBB@HJHHHB@DDDBBBBDDB@DJPDF@HBDDFJFJLFDF@FDB@FDLFHBHDDHFHFN@LALALALDJFNBRBLDJ@LFLLPLPRLBJAFGFCJCH@PDRBLFbPR¢FZDNBHJdDRDdDL@HBHDdBdBr@J^zlÊVlllĈXt`PbRft²bbh\\~\\z\\z\\xZxb`LXJVXtJTRhDNL`JZL\\rÊTxFNJZDLL^TvBHFLHZRnV|JXDLNhBBBDHRDLFJL`HRFNFNBDFNJVHTJVTpPdPdFPHRHRXxHRHRFRJTdXvN`DJBHDJJTLbTrVzbHPFPFRZZ\\ZNdJZDJHPHVTrd d~àL`bzBHBpB|BFúB¸@¼AºBº@bAİ@î@@P@L@ÄBz@â@I]MqAK@AI[}đYŅŗCCCMESGYEQGYG[GQOqAEACCCCC¿ÙKQWiKSMWYka{CIS_MYc}MWKWMW]sO[ÑKQScUeGOIQIQKSUc_wACEOOcsÁcMcSmMa]SmK_k«GQI_AIEMQgOc_yË_ISWwOigWuK_a¿OsUSK_óOa{ÉW{õõAAGS{ÕKYMgGUAGB]BeBS@OBSBIBIHMLSNUNQPUR]PY¡boLSdsR]tDGFSJ_NiJaVVTjÁtÛFIFGDK@MDUBQBOLKJMHKHSJKHKJGDMFIJMFODKBMBOAM@IAOCI@GCSAKCKAIEMASDILKHGDCZINEHAJKBCBMC[Ia@QCUGQHMNIVQFKBKDELKGUIMAWMSCICIGOEQLMJGFOOGOCOAMAGIEKEGIWGKGGISEGIGGGUKQIGIKKGIIIEICQBMBK@MBMJQLKTGPGPIHOBMBUBOAMEOMQEI@KFIJKPELCPETIHIDSHGNKPGPCPARCRARARATCPEREVARAREDU@IHM@ADEJQHWBWA[AQ@IFKBGGIBCFIDG@K@AIQCI@M@K@CBW@G@IDCJADEEGIGMKKKECEACA@EDE@ICQISEG@EAS@GAACAGCEA@A@ABE@EAAIEAC@G@QEGIIMKCE@CBOBG@GCGECMCMAC@AAAEACCAEEGE@A@CB@K@I@KDEHCFEFKDOHKHEH@F@HCFADCFCBE@CBCDEBG@ICI@MDEFCBC@ICGAGCC@AAA@C@@B@BAD@BAFABA@EBE@C@ABEDABAB@BA@AB@BA@@BAB@@A@CAAAGG@AAAAACCCAE@EBADABABA@CBABC@A@CACCAA@K@AA@CAKBC@CCA@C@CDKFGBEBKA@BAAABA@GBA@@@@@UEMGC_UDKDQDOC[OGBOVIXCRIRGLODQCeG]FSPENUJOBMBGfAFcKUEaHIIQQQQ@A@@AA@C@A@A@C@AA@AA@@BAB@FAFCBAD@B@@A@A@@ACAA@A@@CAAAC@@@@ADA@@BC@A@CAACCAA@@@A@A@A@E@CAAAA@@C@EAEAEAC@A@M@G@E@A@@@@@DI@@@A@@@AB@F@B@BA@@BAFGFEHCBABABABCB@@@@@@AA@A@EAA@@@IDYAeBiAUBKFKNIJWHICYIY@UFYJWT]HcC[A]C]CUCYCSBS@U@U@WBOBUDDVHRGLOBUFOFELAVGLUA_@GHKJSNUBQGIIMKMAIEA@CBEBCBAB@@CD@BE@GDEBEBABEBA@A@GBC@CCAAAACEGEGCCAC@C@GBCBEB@@CB@F@FBB@D@BABE@EAC@C@C@EBA@MDCBABEB@@A@CBCBC@IBC@OBGB@@C@CBCFCFAH@HDRDLABCBGBGB"],"encodeOffsets":[[82364,36301]]}},{"type":"Feature","id":"653224","properties":{"name":"洛浦县","cp":[80.184038,37.074377],"childNum":1},"geometry":{"type":"Polygon","coordinates":["@@A·EùAA{AoAGayK_}ßccSqGUGOCIIYMcY[YYEQEOGOaUySqKaISCIAGCIM_WucISEQGQGQWwGQGQEOOcOcSoIUGSIUEMACEMEMGQK_EICKGQACAAMgCKIWU{QmGYEKAGSuK]CKIYEMSwqÉK[IYK_CMQgISWsIUKW_aYw[w[y[y[}gaas±QeOa_WsćkkUkÉk]y@IAqAcCcAG@GCKCcCQIcAGCMEYQ¡OEaAKCQ@ODGDIHEBEAIQKKOKOEK@KCIAKAQEMCIBKBKBK@KEMEGCGGCGAKEECA@ECE@ECIKIECEAC@GCEIO@CCAACAACACCA@GGIG@GAA@ABABA@@@CCABEBCDABA@@BABCB@DG@ABC@C@A@AE@C@AA@ACE@AAAIE@AIECA@C@ADCBAA@DCBCBCDC@@EQEE@A@@CKCQCKAG@UBGJQFGDG@GCEGCqSKAIBKAEAEAIEE@GBCBI@KEOEGEKCGAM@GBQNGDE@S@SFIBEFGDABAAABABA@ABAB@@A@ABA@C@@@A@AB@AA@@C@AAAA@A@AACCCA@@E@A@C@C@A@AAAECAE@CAA@A@CDABCBA@CBCBA@ABA@ABCD@D@BAB@B@BBB@B@FAB@BABABA@@H@D@D@DAD@B@BBF@@@FABABC@ABADAB@B@B@@BBBDBD@B@D@BBB@DBD@@ABCBEBABCBAFADABADAB@BABCBCDABAB@@AB@BABCDCBA@AD@@EF@BABA@@@CB@@A@GDAB@BEBABBB@B@D@@@BABCDA@@BEB@BAB@BCB@BABABGDA@AB@@@DAB@BCBAB@@CBAB@DEB@BABABADABIB@@CD@D@BABABA@@BEFEH@D@FAF@@CDCDCDAB@BAB@BEJ@BEDEFIDABCBE@CBABA@AD@BA@EDA@@B@BDDBB@BDDDDHN@DBDDFBDBDBBFNBB@DBH@F@F@DABEFEFCBMLCDEFKJABCJCBAF@F@DABABCBADA@CBC@EBGDGFA@EBCDC@I@EBA@ABEBABEBCBE@E@GBA@EBC@G@E@CBC@C@E@EBE@CBE@G@A@ABC@K@I@C@OAC@C@@@ADADCDCBABCDEDA@ABA@EFCBEDCDADCFCDA@CDGJEBIHCDKHADIJCDABCDKLCFEDABCDA@@BA@CB@BA@@BAB@BBB@BBDBB@B@BAB@@AD@D@@B@@BBBB@B@DAB@B@B@@@AB@BA@@BBB@B@@@D@D@BABCB@@@@@@BDDDBD@B@@@D@BBBBB@BBB@@@BA@@@AB@@A@@@@BBB@D@B@@BBDBDD@B@BBB@B@BB@B@@B@@BBBBB@DBD@@@B@@B@@@F@BBBDB@B@BDB@BBDBBHD@BF@DDB@B@BB@B@BBD@B@BA@@B@BB@@F@@AD@@@B@BDD@B@B@D@B@BBBBBBBBD@BBB@D@D@DAB@B@BFDBD@BAD@B@BDB@B@@@BAB@@@@BD@BBDBF@@BB@@AB@@@B@BB@@@V@\\NHB@B@BBBHF@@EBBBDHBBFFBHL\\@@@@BBHH@@@@JPDNBBBBDD@D@BD@BB@BB@BDIBDPX@B@DBFBBBPDDBBDDDDD@DBBBH@J@B@D@BGDEBC@O@I@E@IA@BBD@BBB@BFH@BDB@B@BBBFDXBRBJDBBDFBD@TFBFDHDFDFBDDDBXRTHFFDFJHJH@ENCF@DELABADDcQCAAAM_IICAOKi@_@@@BGHCBAFABX^HHDJBDDBDFFHBBBBJ`HHHTDFHH@BDB]@@@DJDJJJDFFHJJFHBH@J@NDHBL@BBBBBDBB@FBJ@FDNFb^NXLlVJDVLHDZLJD`VJFD\\NJDRHbNFDBbPLFbLFnV`PZL\\Nz\\LFHDZLTJHDFVBHDNFZFVF`F\\DTNtFVLjLpLnDNDJK\\GRKVIPGLIPCFHFHBJDNDXNBDADCDKDGBCBAHDFFJHHBHBH@JEFMJEF@DHHHDJDPBJ@DDAHCHEFGBKDKDED@HDFDFPFPBRDJDVBLFFDEHABCBECG@IDEDCJDN@BBDBBFD@BBBB@D@BBB@DA@ADEBAD@DALADBHDBB@B@DBF@H@BBD@B@BBHBBHDFBDBHFFDHFFDBBHFBDBD@B@DBF@BBBBBFDHDBB@DBJ@DADEBCBCBKDCDGFABADADDDBDBDB@DDFLDLDHLDLFFDHDHFDHDJBHBF@LEJCNEL@LFHBHDFBHBHBHBP@LBP@LDPHLLHHFHFJFFDLFNJLHXHJBJBDDHDHDJDFHBLBDDFHFHFJHJFPDPBN@HBD@JBLBPDJBLDFBHDJHLFHFFDFHHHDHDHFHJJLLNJNHRLPLNJNPDJBJ@HBNBNDLBJDJDLDJHNFJFJFLJPFNHLFL@TDFDHHJHJHNHHFLBLBJAH@LCL@H@J@JBH@HDFDHHJDFHHFJDJDHBDBH@JBH@HBL@H@LANANAJAL@L@J@LBLBJBRBPDPDZBL@LAH@FAFEHKFGDEDGFIDOFQFMFMFQFMFOHKHKLOREHGJEHCLCF@JAJ@J@H@LDLBLFJFJDJHFLFPFLFHFFFFJBFDJ@LBHALBNBNBJAL@J@N@P@HDHDHDJBJFJDFBL@HCFAHAJDJDFFHHFDFDHDFDJDH@HDL@LDR@NBNAJAJBHAFCHENEHEJCFEFEHCLBPDNDHDF@B@D@F@FAFCHCHAJ@FAJ@HDJDNHJBNDFBH@HBJBFBJ@JBF@HCNGPGLEX@NEJEHAJBJBFFFDDFHFDDFDHBHDDBFBFBH@H@FCFAFADEJGFEHGJEJGJIP@@GJADCFAH@DAB@@AD@B@D@BHXBLH`@HBHBF@DBFDFBB°BĦFnAȠDºAºBº@v@"],"encodeOffsets":[[83481,40433]]}},{"type":"Feature","id":"653221","properties":{"name":"和田县","cp":[79.81907,37.120031],"childNum":1},"geometry":{"type":"Polygon","coordinates":["@@B@@ABABADCBCBABA@@BCBEBA@A@A@A@A@@@@FC@@BA@CBG@@BA@A@@AAA@A@@C@@BC@@@A@@CAAAA@@AAA@A@A@@@A@CB@B@DCBAB@BABCBA@A@@BABABCBA@AAAEAAAEAAAC@A@AA@@CAAA@A@@@AB@BAB@@ABABEBC@@D@@ABAACCC@A@CA@@A@A@CBA@A@@BCDABC@A@A@A@C@A@ABABC@A@@AACAA@CAA@@AAC@ABABADC@@DC@A@ABABC@ABABAB@@C@C@C@CECA@AAEACAIAA@EBKCAAA@@AAA@ABGBC@ABC@G@A@AAEAA@AAACAAAKEGECACACEAA@AACAACCAA@CAC@AAA@A@C@A@AAAAAAACECCCAACCAACAABE@A@AA@@A@A@A@CAAAAEAA@E@CAA@AAA@AAEC@A@A@AAAAACAAAEAEAC@A@CBAA@@AAAA@EAAGACAACAAA@@@@@AAAAAAAA@CAACG@AACAACA@AAA@@AA@A@@CAA@ACAA@AICAAGCA@GCECCCA@A@A@AB@AA@@CAA@A@@AACAA@EAA@CCAAA@AAC@AAAACC@A@ACA@A@A@@C@ECA@@C@A@AAAA@@AAACEAABEBCFCBA@C@ABA@A@C@AAA@A@@BCDADCBA@@@A@A@C@A@EAC@ACE@A@A@A@@BE@CACAAACCCAA@@@A@A@AD@B@B@AA@AAE@A@A@AAIAAA@CC@@CAAAAACC@@DCBAB@@AAC@A@A@AAEACAA@ABA@CBC@C@CAA@A@C@A@A@A@A@C@A@ABA@C@A@C@C@E@A@A@ACC@AAAA@AAAAAACAC@AA@@AC@AAE@A@ABC@C@C@@BABADCBABA@A@A@@BA@C@A@A@ABABC@A@CAAACAE@ABA@A@A@A@E@ACCACEEAA@A@@BABA@C@ABC@ADEB@BCDCBE@@ACAEACGGEEIAEAGEKSCG@EBABA@GBG@AFYFGFEJEHELGDCFCBCBAKICAACAE@CBGBGDGFGDADC@EAI@EAAEAEBKDA@IIKEMEoYUEA@BGHENMJMBANSJMFI@C@E@CCGEEAIAE@CCGGMIICCGAIAACBEDAFCBA@C@GDIBIDEF@H@R@JCVOPQJGHCHAJENILEJKZeHGDEBMBAHEDE@E@G@E@GHIBK@E@M@IHGRKHCFGDGDUFOJOJMPSHIJBDFDBD@DCHCJBHFHHJHHDD@DCLMDID@F@PDJAF@JEHIBEEGAE@EDCPELELAD@F@DDAF@BDBB@TGDABOFKLKNCNAJEHCD@DBJ@FE@ADAD@LFDAHADADGDGHGDC@G@MAMD@FCBEFILKD@ECMGECCC@EAAGAAA@CHI@CA@CAGAGAMSIEIGEKAA@@ACAA@ACCAAAACCEAC@AAA@A@E@G@C@E@G@C@CAA@G@A@G@C@E@C@A@OBA@C@ICC@CAECA@AAEAAA@A@ABEAACE@CAAAACEECAAAAEEEE@AACAIACAA@C@E@C@C@AAAAAAAACAA@E@A@CBC@C@A@A@AACA@ACAC@C@A@IACCAAAA@AAC@@A@ABADADABABADCBABCFCFGHEDABABADCBA@@BCDCHEFCFAHCDAFEFIBCHELIBC@MBM@AB@FAD@DAFELEHCHCLEB@@AGKAA@@CDEBMBIAM@OAECK@OFYHWBC@BCAEAACAO@GBM@IBCAACAE@GCGGIGAQEYGAA@CFKAG@EDAHAHCDCDE@AAC@CCACBE@AAAEACCACCGAGIGQCCUC{sE@A@CBC@I@E@GDODYLE@CAUSECICCACC@@IOGKAAA@@A@@SI@A@ABCDEPKDC@A@ACKESAC@@A@A@CBAACAAA@A@AAA@A@ADGDEDAHAFADKACE@K@EAA@@AACACECAABCBEBI@M@CBEDCHCFAH@BABE@EACCE@ECGGA@CFQBEAECA@ABCBA@A@@CAE@[@EAWKAG@A@@AAACACAEAI@C@GDS@A@AACAAA@AAA@A@CDCBC@CBCAC@A@A@GBIBE@CBGBA@GAE@GCCAK@CBM@DC@CAA@@E@GCCC@CDABE@EP[DEHAFCDCCEECCI@IBABA@CCCIEEIGI@@@GACAAA@@ABA@A@C@EIACCAE@GGIEE@C@C@C@@C@AAECCCAGACGI@C@CDE@CBMBSAKHWBKBAA@WEIAMKaEGKHORMVOBM@QIKM@GIIQIUEOCUKSOWDKHGLKNKAOOIIIMIKGSWKIMGWS[EaA[AU@UEcJQJSEGIKQ][UCeCgDWNSNWEWEU@WLENIHKFQGCGIWOKOESNS@UCkEUAaASEWEWIYIaGS@WNWLI@ODMAQASAU@OCQCIGGGMKOGQEWCYB_DMJKAQDMNMJINODSEUCSEUKUCWIUQACA@GBA@CB@BAFCDADBD@BABAB@@E@A@E@CBC@C@A@CCCACAGAGAAACA@C@A@CBCACA@E@E@EACCGCQGA@BCFEBCBAB@DCBEDABC@EBC@ADCBC@AAAAAAAB@DCDADAB@@CBCBC@ADCDADCBA@ABAD@BABADCBABAIGIScJKDcRQDKJCBOHABIPETMLKAICKEOOMIMGGEIAACUEOBSLGLGPFZBFMXCBQJIFIBYDODGDAFCBABABSNABCBUJA@ODC@EBIAOAIBGBGBOLCDMJFFFFHFBDDDDB@DDF@D@BALABKHA@gJOJA@ABIHAB@BCJ@B@DCREDYFKDWFCBC@A@MDABCBA@WDCBC@Q@C@A@]AA@C@MESKKKKSIKEAKBQHA@EF@BCLBBCNB\\@RANABAB@BIJADEFCDEDA@ABMBM@CBC@WBA@C@M@G@MBICQGSEGCGCEECICOMIIEE@GBCH@BCbADBDAVBF@FGNADIDCB]JQFA@ABY@iACAC@QBAAC@SDABCBIDKDCBC@SDeJGBKFIJCBABIJ@DAF@LCJBLDLBB@DHJFHBF@F@D@BANCFEH@DABELABKHG@SDOD_DK@GDGJCJ@TBTDJHPRNNNBFBNBL@F@P@N@LBXDjDz@P@BOHQDSBC@EFABBHEXCLOJULAL@LFDNJJHHHFLBJALCLEHMHOFKBMBEBOFSVivABMPDPNJPHPTHNMjY`MDmGoG[PCNACvCJKT_^SNSXER@TDbDNBfDvEIT@B@HBBFDHBLFLHNFNJJNFPJFFCZAR@LARCZBVHZHVFf@vDTJHRBXLX@DDFBDDDFBFH@H@FAJCDOLCHHPNZBL@NCH@FFJ@D@FDRDRBHDTHTDL@BEN@LBHDDDFHLBHBH@L@D@RBFBFDFLDLBNHFHHDT@LAJCJ@BDFFIFE@EFCDBFDDFDDDFJDJFFFDJBLBVH`PNFF@DBLARBLBVHLDDD@FEJBJBDDBHBF@R@PBREDAF@B@NDJBD@FANAD@F@FBFBD@D@FAHAJEFAJ@DBHBDBFDNDDBFFBBDBF@B@LADBHDDFBHCH@BDFDHDFBDJJFBJDD@FBFBFDVVHJDDJJHFHFJDNBVHB@B@FCJAD@DAB@BBBHBBFBJDNDJDJBBBDJDD@BAD@B@@@BFDDBD@@B@F@FHLFDFDD@B@JADAD@FBLAB@DDDBDBD@FBN@D@@FJJB@B@LAJAJAJBFAXFHAHADBPFLBHBLBH@JDBBAHDFFBJBBBBBLV@F@JABABA@ABABCFCD@BCF@B@@ABAHAFCDADCBEDADCDCB@BABABCBEDABGDEFC@A@A@E@A@C@GDCBCB@BGFCBABABCBADCBCDEDABG@@BODABCDAF@B@BAD@DCFABCBGHADA@ADAD@B@D@F@@GDMDMFKB[JE@DBLFJHDHAHCZCL@D@F@@HJHFDFFFHDHDBDDF@BBDAFBBAB@FB@@BDFDFFHBDDDBBHHFLBDBFFD@BBFBDDFDBBBFF@@BD@DBB@@DF@BDHBBDBBB@@DDDJ@D@FBHFFB@J@FBFBHDRHDBBD@RAPC`@PAH@HCHEDCBEDCBGHEHAHAHCFKVAJ@HBJ@FBBDDDDDFADAFCJ@H@JDFFFHFJBFBLDHBBDDFFHFDHBB@RFBDDPFJFBDAPELGHBFBNFFBDHDHLLFDLHFBFBF@@@LLJJLLLJHJLJHLDH@H@NBF@NDFHPFJJJDDFJ@JBH@N@NBFFDLBLDTDNDNFRHNFRJNHNJLFRDPDLFHHDLLLBNJHHJJFPL@HAHBDJHV^BF@RQlRCDBXXHBNCLKNGVGfDBBNBbZDJBjDZHHNHJBFF`TLLxEZHRJvGF@dPRCRKLERBZPH@RAHEDCDANEJ@^LXCJPFZJ`FLH\\HD^DLFFFALMPAPFHFRCNIRodCH@XELILIRUVCHANCFMLMREBDTETIRAHHJRLPRzHBTKLBlELIPUDOCSFSJALAr@`ATIJILODoJ]PGHA@@@@PARDNNFTLXPNZHNDD@p`HB\\FRXPNVJVFND\\PLHBPCVEHIPIJMJCDIBQJKd@RCTCJJ\\BRGR@HFJJJV\\BRDNADDLVLFJLZBHHRBJ@XEfJhLT@@@@DFHXFFHDHFTRFJFFZHBJELBPRTJROjAJBHVZJVHLTDJJH`HH\\LHFblDHKb@PLPDNV^JFXXNXVJHFVFFFN`DBRJF@\\VZDXJHAJELCHDJLLVFBfFXRHNJJJFHHHHBDAFCHAFGJ@HJFFF@DBFBF@FDDHDDBHBHDHHHHDFDDBDDDDDHDJFJBNAJ@NBFFBFBHDHDH@FBDDHHHHFHBHBHBFDBFAFCHEFCJFJNHLFFFLFJDJHJDJBLALAHFAHFLPAJ@BBDBDHCFAH@HFHDFHHHFFDFDDDLDH@HCHAHCHBBD@DCFEFIFOJIFCHFFJBJBLDBFBHBDDF@BBJKRCNJDNDHBF@FDBFENBHHDJ@F@FBH@BF@FDFHFLDPDJAHCH@FBFBBB@F@FBFFFJJJHFHHHFHDDFJBJHHHHLHHFBF@D@DADIHCFDHFBVGFAH@BF@DCDAFAHEJFLJBJAFAJAH@D@DBDBBFFHFDPCJAJ@H@JBFBJDHFJDHDJDJFFFFFDJFFFLHJFFBB@BDBB@BCBCBAHEDCLCDADAFABC@CAI@CAAGCECAAAA@AAE@C@AACACGEAAECGEECGECAEAGCAAAG@A@AAC@A@GAE@C@AAAGCCAKBCBC@ABCF@BCBA@AAC@A@AA@AECAAAC@ACMDIFCJCH@FDDABAFGECKEUAICQCOAOECECE@GFCLCLCHAFEDGBGCCI@OAICGCGG@CFENIFE@IAGAGGGEICEBGDAHALCDCBCACWMMCICGAGEDEJOHKJOLUHQL[CICMKmKoKiEUMsCSE[E_EUEYCMAGEUGCSIYKGCKEy[[MYK_OmUKEaKEaOCAMEaQGIC[MECUI_ICYKGCUKICkUWK]MaMEECI@EAA@CAAAAA@AAKCG@M@IAGEGIIEGCEIICICI@@CMAGOWI[GMEMGMEGKIGGCE@CDE@IAEA@@@BABC@@BA@AA@EAKAM@ABAAIIAA@AC@@@AA@@@AAAAA@@CA@@GCAA@AAAAG@AAA@CA@@@A@AACCA@A@@@A@A@@@@B@@A@@@@B@@ABA@@@@AA@ABA@C@@@@@@A@A@@AA@@A@@@BB@@@@AB@@@@@B@@C@A@AAA@AB@@@B@BA@@@BDA@@@@@@B@@@@A@@A@AA@@AA@@AA@@AA@AAAA@A@A@@@AJMDG@A@@@CAAAA@A@AB@@@@A@@B@@ADA@C@@A@AAAB@A@@@@@A@@@@B@@@AABA@@@@AAA@@A@C@E@@AA@@@AA@@AA@@@@BA@@@@@@@@A@ABA@@@@A@BAA@BA@@A@@@A@@A@@@A@@CB@@@BA@@@@@@@@A@@A@@@@@@A@@@@@@@@@AA@@AA@@@@@A@A@@AAA@@@A@@AB@@@@@@@A@A@@@AA@@@@A@@@@A@@@AAB@AA@@AABA@@@@@A@AB@@A@@@@@@B@B@@A@A@@B@BA@@B@@AB@@@B@@A@@A@@@AA@@@@AB@@@@AA@@BA@A@A@A@@AA@@@AB@@@@@@A@@C@@A@@BA@@B@@@@@B@B@@@@@@AA@AA@@@A@@BA@@@ABE@@AA@@BA@@D@@@@@@A@@AAA@@A@@BAAABA@AA@@A@@A@@AA@@AA@@A@@@A@@@A@@AAAEAA@I@EBC@A@ABAB@@@B@@AA@@A@@@@A@BA@@@A@@@@AC@@@@@@B@@AB@@@BC@A@@@AB@@CAAA@@@@A@@A@@@AA@@CCEE@@AA@AAA@@@A@@BA@A@A@@@CAA@@@A@@A@@A@@AC@@@AAA@C@A@A@CBCBC@CBCDGFGBCBC@I@GACASFALCTEFA`IVGJEBABAD@DALQDCFIBC@A@EAC@ACAC@AAC@CAEAA@AAAACAACCCAAAA@C@A@C@C@ACUAS@C@A@ABAHKBC@A@E@AA@@@@CBC@@BA@A@AAAAC@AAA@ABA@AB@@ADAB@@AB@DCBAFCDELKDCBADCJIBCLGDCJGFAHIDCB@DCDEBCDCFCDAFEB@BAB@FCDCBADADCBCBC@@D@D@PBD@J@L@D@BAB@H@F@DAF@FAF@D@D@DAF@H@D@FAB@HAF@F@DAFABAFABAB@FAJ@D@DCFAB@HEHCFAD@DAB@BCDABABA@C@EBEDADIBALIFEDCNKDAFEFEBA@C@E@EAG@CAAEMAAACACCEAC@CGMCCCC@AAACC@A@AB@FCB@@ABCB@BADAF@DABAJCFEFC@AFI@ABA@ABADCDCDC@@BE@E@CFGFE@AB@BABA@A@CDC@@JABABCBABA@AFA@CBADA@@BADA@ABA@C@@BAB@HCBABA@ADA@ABA@AFA@AB@DCBA@A@@@C@AAABAFA@ABAHCB@@@DA@@B@BA@AFE@@BCB@DADCBA@ABA@@BABADCDABA@ABABCBABCBEDABAFADABA@@AC@CAA@A@C@AACACAA@@@A@ABABCBAD@BABA@E@@AE@A@ABC@C@C@C@GB@BABA@ABA@E@AAA@A@ABA@A@CDCBAB@BAB@DADAB@DABADCB@B@DBF@DBBFBBB@D@D@B@F@@@DBDDBBB@B@BB@B@DB@@BBAB@@@D@B@BAB@@@BABAB@BABA"],"encodeOffsets":[[82223,37405]]}},{"type":"Feature","id":"653226","properties":{"name":"于田县","cp":[81.667845,36.854628],"childNum":1},"geometry":{"type":"Polygon","coordinates":["@@@O@Q@Y@gAc@@Q@]@G@GAI@GBkAG@I@I@W@I@c@I@Q@Ae@G@@G@G@S@GAs@Y@c@[@w@G@O@QA]Aç@ěAyByCƓCğ@ç@ƱA¿@é@AY@MAECQC]CYI©E}EoCuQãGAaK¯EwK³E}MÇGMÙIKKSµA[EmA]Eō@Q@E@ELST[^gpfuNOfmPUDIDGDKHODGX[jru^eVWHMT½LFGGGCCOKIECCGCKEMIKIAACCAAECGEAACAECKCCAAAAAAA@@@AAAAAA@IAA@CCCC@AEEACCAAACAACAA@C@A@C@ABCBA@CAAAGCC@AEEECEGACAA@ABA@A@@CI@A@A@@@AAC@C@E@C@AB@BADAB@DCFCDCDA@A@@FADAB@@A@@B@B@BA@@B@BABG@A@ABA@ABCDCBA@A@@@AA@EECAAA@C@AACAAAAAAA@A@@@@C@AAAAA@A@AACA@GAC@C@AA@AA@CCCC@AAAAACAAAC@A@AA@@AEAEACCC@A@E@GA@@AA@AA@@@A@A@A@ACCAAEEAA@A@A@AA@CCCAA@@AAEB@BCDCFE@@AAAC@A@A@C@CAA@AAA@A@A@C@AAAEA@@A@CAECCCGA@@A@@A@@@A@AAA@EFEBABA@A@ADA@A@@@AA@AAIC@@EGEEEGEEQGIEEEAE@G@AACEEACCEHKBEBCAIBEDGDEBG@CDCF@FDFFHBNABCD@BAFCLENCJ@H@HBFATINALAP@H@H@HDFDHDHFJDJBD@L@H@DAFABGBMBK@MAE@I@KAQCK@GFQLWN_JSDGNSLMBKAM@I@GFOLQHKFGHIBIDM@EFGFALANEBECGYcEOAC@@BGBGAGCGBCBCDIBK@CCICEBALCDE@ECE@EDC@CAICIAGAIBGHK@IEEAAECAA@A@CBIBS@OACAAKCIGGIEGAC@EAC@I@ADCJAHAF@FAJCF@TGJCDA`@JAFADCBA@@BEAEGCCC@EBAAG@GBCFA@A@GAICCACDC@@H@DCBAD@D@D@DAFAF@FFFBDBLAJAFADAF@DAJADAHAFEJGDEBA@ABE@CAEDEBEBC@G@IACEC@E@E@EACCGIMKEEEAE@CBAB@DBF@F@DADCFIHGFCDAFEAAA@CAECA@EMCKEKSIMEKGMGUQSGWFMPUNWJUFcLSHKVOHSHH_BWJUHWFOEYMWAWHUJOF_PUBM@_ESESIMOCMAKAWKWKOUCO@[DW@YGBQHSHOHGBUMOOOISDMFMAKMMOKSKUESDQFQBQCGGIOQQWOOCMBYDWEIIAWEWGCaPK@KCSQWGSIKCYAQEOEQUOKK@AB@BA@E@IAE@AAA@EBCBA@A@C@OAAA@AFEBCBC@@@@CEEGCE@CAC@E@CB@@EBA@ABCBC@@@AAA@A@AFCBA@@@C@@A@@CBAB@@ABCBAH@B@BA@E@ABCDA@CEAAA@A@E@CBCDCBABABA@CAE@C@ABEBEB@BA@@BA@E@C@AAG@ACAA@CAA@@C@ABA@C@ACCCAEAAA@ABADAB@@AAAGEKCEEAAEAIAEACAEKACEAOAEBE@ECCAAAA@GBA@IBABEHC@E@CAICIAGACCEGAEECEGEOEKEGGEEAKBGBe@UEOGMACCQGSAWFOF_H]FOAOA[Ku@WA[QOGaQYIUC]AaB]@cD]@_AGBA@I@A@CBC@EAI@C@@@CDCDEBI@I@IECAO@E@ECCAE@CBCFSVCJ@HBFFN@FBL@FCHILCDAB@BA@@D@BHFFFDBBDBFBBD@NBNDFDDH@HAHAP@DDFNLJJFH@R@HBDJFBB@FAF@B@BFBHDDBBB@HBT@FFHJTDR@JCF@FDBFBFDLLNLJHFHCFIBCD@J@HAX@D@L@NDJJR@B@LCHEJADHJAHEL@JBRB\\AXGXIRCF@BGN@JCVQFQBUBQFOFSDQBQBQBQDOBODOHMLGHCTGJSJOFKDOFILEJ@LFJNRFPBNAPAVANGPOJOHSHKLIRAN@NALANDRFJJJHJLLHJRJVLHHJHFHJTHHHLJXFHFLHJNBPBPDPHEPIHKNFRHPDJDJNTBXJNHVKLCFALELURMJGNHRDV@RJbD\\ANADILGBMFYJCDGHKLCJBTFNBJDLBLDT@HDJBP@JBNAPANCLEPINEJCNIHGLILGTGLINKLAPARCV@NCLEHEJsÜiÂSUUIbMjI`ETCHsQ^ctKTap¢OZQ^OVMRMVKTGNAJAJAT@PATAfA^BHHVNhLZ|ÖHTBBööX||ÊPbôL`TVPtbÀL`XvhPjXxJT`zÌ`PdRhFNBJJ`HRl¬L`Tn^NbTnNddtÂPdFPBD`xVdLTJRJRHPVfTdLRÒP\\^tNXLXNXd~NZT`DJb|ZlNXLTXjLRÚÀDDDDBDBFPrHRH\\HZFRHZFTDNDDŘņZ~ĒJ\\@BBLNrJ^ż@Ĵ@ÀA"],"encodeOffsets":[[84497,40432]]}},{"type":"Feature","id":"653227","properties":{"name":"民丰县","cp":[82.692354,37.064909],"childNum":1},"geometry":{"type":"Polygon","coordinates":["@@GGSWCCQEKAOCE@MAEAAACAG@QAECEAAAIAICMEEEQCkMAAAEAACCWAGACAKUCAGCQAMGCAG@ODCAA@QOOEMCMKEECAEAG@IAGASKOCKAK@IBEBEBCBC@G@EAG@EAGACCC@G@A@ECAAC@CAIAE@AAE@GCG@CACAECC@ECGAEAEACAMAMACAC@CCC@C@KBGAE@E@G@YAkQKGQEEAC@AEGESAE@C@C@M@QCCAC@EAECECGAEAG@C@IAAAKCKAAAA@AEBA@CBCAG@CBCFE\\ENADADIBE@CACAACAG@AACAAAACBQ@AACACEEACCCAECAAA@ABI@CAAEA_EA@QEOGSIEACEECCCAAIECAECE@CAGCGAECC@GCKEECCAECKECA@AACCCCCAACAEAI@KAEAG@G@EAE@CAKAMCAAK@E@EAA@CAE@C@I@OBICCCAACA@CCAAACAC@C@CDC@AAA@CAEGIEA@EAC@C@C@AAGAEAEAA@AAAAGICCCEEECCAACCECEACACAC@C@EBC@C@C@ABABAHCDGDEFIHCDCDC@A@AACCCAC@A@K@C@CAC@CCGCGECCGEC@CAC@ABABADCLAF@FAFCDCHEDADCDAB@DABCH@BCBEDEBCBABCHA@CBE@GFCBCBC@KGEACAC@GAA@AFA@ABCBC@A@CACAE@A@A@ABABBDA@CFCDCBC@CAA@AAEAGAGAC@A@CACAKCICI@E@GBCBC@C@CBE@A@AABA@@@A@AAACAAAC@C@CAC@E@C@C@ADCBCBA@E@ECA@CAGCIECAAA@ECCMIGICC@C@IAA@AAA@@AA@C@E@AA@GCEAEAG@A@A@KAC@AAAA[@YAUAcGO@ILMD]BgAoBgA]@Q@OCQIKGSKSIQEWEQFKVQDYA_GaCYEGFDXB@BBBD@B@@AD@BABGBC@E@C@ABADABA@EBAAAACCG@E@AAGCECC@Q@K@EDADCFGLEBAAEAEAOBEBELGDCBSAW@UAWBO@IFQDSAMDWLSDWFkAeDYDYNQHOLQDOEOQSMUK[E]ESFaHY@YFKHOHSPMJMLKXETINOR]LULUD]@QFQLGLCPCJERENEPINILARJFHJBN@LBN@PAN@TELGLIPMNMTBPFRJLDRMHQDaBS@Y@MAUBOFANKHMBWEQCI@GBIAK@W@Q@QDA@IDABA@EFCBEDGHEJCDCBE@E@CAA@AB@DBFFFLFJNDHBD@F@F@FFDBD@J@HADAFCFBF@DAF@BABCFIHEFGBCBIBCBE@CBEBIBKBCAEAEEE@EBCBC@C@C@ABCDG@@@CDBDDDBJ@H@BEBAD@HBHAB@FDDHDBFAF@@ABCDEBIB_@CBIDSHE@IDEBE@GBIBCD@B@JBD@FBDFHHJJHLDBBBD@PATAJ@D@BBBFDBBFF@JGLAHBJBHDJBJ@DCD@FDF@FCFKDABDFDJ@DALCJADADDHBHAHAH@@BDFPZdDHAFMFKBEBEH@FCNAJGJEHGLKREP@H@JBNALKNMTCHITM`KXER@HDLBR@L@JBF@NALANAHEBCBG@K@C@IAICGEGCECGCG@G@O@KBMBSJEBGAG@I@MDKFEDABC@ADMBGAEEECE@CD@DAHCFCHAFBJADAFGLDFBDFFBD@B@HBFFFJFRHFFFHFFFH@@JDBBB@@B@@@BCB@B@BABABEF@FBB@B@B@@@BB@@@HBDDFDDBB@@@FBBB@B@D@B@BBB@BBB@D@D@B@BBDBB@@EFCDADA@BF@BB@DBDDB@@B@B@BBBFFBBDD@B@B@B@B@@BBB@@BB@@H@F@BDDBDBFBF@@BBB@D@BBDBBBBB@BDDDDB@@BBBD@D@HBB@BD@B@BBBBB@B@D@@B@B@BBBBBBBD@B@DBBDBFFB@@B@@@BABCDAD@BAB@B@BAHABA@@@ABA@A@@@@BA@CBEB@@@BCBCDEDCDA@CBABA@@B@D@F@DBD@B@@@B@BDJ@@@BAB@BBBBDFHFDFF@BDDBHBB@DABAD@B@D@B@DBBBDDBBBDBBDFF@BDDDDB@JBB@BBBB@B@@BBBBBBDBLDFDDBBBHFFDBBDDBBLJNJLFHDDDJFPLDDHHEHKS¾GNUX]fqviW\\CHGPCLCHCJOVenMPevo]hS\\KT@F@F@RFŎB^FnB\\T¶LLJNÚHNÈF~L´FxL°BbHRäDvFpF~JªDZD^DRBF@NBZ@@êBÀ@Ʋ@èDĠDƔAzBz@ĜBèB^@R@P@H@x@\\@d@ZBt@H@T@H@H@@HBf@@R@J@d@J@X@J@JBHAl@HBJ@H@H@^@R@Bd@h@Z@R@Pr@p@l@|@f@r@ÀBh@V@îAÀ@î@¬@p@þBAĒ@rAl@bBP@F@B@D@~Ah@cŕAYAY@uAW@e@KAQ@q@GAu@M@KAM@yAa@C@O@eAI@G@W@K@C@S@AAAe@KBa@å@{@W@Õ@ãA§BwAk@G@W@A@K@i@K@Q@U@I@g@q@ABS@SAIJGXWPOTSNKFCHGTOJGPIPKVKr]ZOoXOZQ^Q\\QVOVOzkXOZSXQZQVOwTQXWPQRU^mPUR]HKDEHMHGVaVcNUJOPaXoLYJ[FUBCBGFKHMBG@GCO@CAM@MAM@ECCACACBABCBA@CAI@A@A@ADEBC@E@A@C@A@ABEDABCDABCBE@W@AAEAC@@BAD@BABA@A@EAEAE@A@@FC@AB@@AAC@ECECEAA@ABADCDAFAHAHCBA@AAAEG@@@A@AB@@AB@B@@AAA@A@@BAB@BAB@@@BA@@@C@A@CAG@@@C@CBCAEBIBCDIBAB@B@D@B@@@BAJOBA@C@EBG@CDCBCDEDCDABC@A@AAAAC@AEMAK@E@K@G@CBCDEBCBC@CBEAK@I@Q@G@OAM@G@I@G@CAEAGAIEMEGGIAA@C@C@ABCBCBGDIFMFO@EBEAEAICIAOAEESAGCEAEIKCCIESIICICKCAACC@@@CCEACCAEEECC@ICE@E@CA@@AAACAEACECAAECAACA@AACAG@EACAECG@E@C@C@@@CAAAACCCCSMA@@@@AAECEAC@A@E@AAC@ACAAAC@CAA@C@GCC@QEEAC@AAA@AEA@ECAAE@CAA@KKQMKIGEIECEA@BEDEBABADA@@@ABA@G@AB@@CB@@A@@AAAC@A@A@C@ABCBC@AAG@A@A@AAAAA@@@A@A@AB@@ADAB@@@B@DDB@B@B@HCHAD@@A@CBABADC@@BCFI@CB@@C@A@A@ABABC@AB@BCBC@A@@@CBABCBE@@@AB@@A@@BABC@@@ABE@ABABA@ABAB@BEAE@E@A@C@@BA@@@A@A@@BCDA@@BA@A@A@@@A@A@ADADCBABA@A@A@A@A@ABABA@A@A@C@ABC@C@E@A@EAC@@BC@CBA@@BA@@@E@A@AB@@ABA@A@@@C@A@A@@@A@ABAAA@A@@@ABA@A@C@C@CAC@@@AAAAAAC@A@A@A@A@@A@AC@AAA@AAC@@@A@@BADC@A@@AA@A@@@AAAAAECAC@AB@@A@@@A@C@A@CAACAEC@@ACAA@@AAA@@AAAAA@A@@@AAA@@AA@A@A@@AACEAECG@ACCCIAKAa@@A@A@@AAAA@@A@MBADEDCFCDABABEBI@K@G@ABABC@SDIDKPSNQFKBM@K@MAEGEKGAEAGAGGECIIMACAWBEFGHED@HA\\CRGNCHIPEFIJIJEPCPUHCPDH@JELCZ@T@LFJ@LBNDH@HAFCD@F@BABAAG@CBADCB@BAB@@@@A@A@A@A@@BA@@@AAA@ABA@@D@@A@@BE@AB@DCDCD@@@FCBAB@B@@@DE@@@@D@@@BABAB@B@D@D@B@B@B@BABAB@D@B@B@FCFCD@BA@@DA@@@@B@B@@@B@@ABGBCHIACAA@C@AB@BAFCFABAD@F@BAB@BA@@B@BAB@NBJ@D@D@DAHED@BAB@D@BBJ@@@HBLBD@DAD@JADAHAD@DAB@B@DBB@J@B@@@BB@BB@FBDDB@B@D@DADCBABABAFABCFEDIDIDC@ADADABAB@@A@A@AB@BCB@BADA@@D@F@FBF@@@B@DAD@FAB@DCDABABA@A@A@A@ABAFCB@@@FA@@BAB@FAD@BAB@B@B@DB@@B@B@B@BAB@BA@@BC@@@A@A@@@C@C@@AA@AB@@ADKB@BAB@DC@AJABABAFAB@BCBAB@DATEBAD@B@B@B@DBH@HAB@FGDGDG@CDG@CLIDCHEFEBCX[JOFSBEAC@CAGACBEBE@CEIACAC@E@I@CBCCKBC@C@A@CBACA@A@AAA@@GA@@GGAA@@A@A@KCACA@@ACCAA@@@ADCB@BA@@@AAAAA@A@@@A@A@A@AAAEEAA@CA@@CBC@C@CAEAA@CAABA@A@AA@AAAAA@BC@ABA@ACAAC@C@A@CB@BAB@D@JFF@FABCD@BABA@C@A@A@ADAFCLIFCBAFAB@DAB@DCFCB@@A@@@A@A@ABABA@AAAAAAA@A@C@A@A@ACECC@@CAC@@@CACAACAAAA@AFAFEBABC@A@E@CBCBEBO@C@IBG@GBABADABADCDKBGDED@F@B@FED@DBDBD@FBB@BBHCD@B@DBD@F@D@JAB@H@@A@@FcF]D@F@F@D@FAB@FBD@@@D@FAD@F@FBBADAD@@@DDB@FBD@R@D@B@BAFCBAH@J@HAB@DAB@L@D@B@DAF@FAFBD@JAB@D@D@DAD@F@BBF@BAB@DADADAFABA@A@AAC@ABCD@JCFABC@ABABABAHIBCBABC@E@GBC@CBABABAD@FAD@FBBAF@D@F@D@B@DAJAH@FAF@B@BAB@F@D@B@@ADCFIBEBE@A@@BAB@BA@@BA@AAA@A@AB@JGB@BABA@AB@B@D@BAFBBAB@@ABABA@@FABBDAB@B@@A@@@AB@BAF@B@F@D@D@DAD@BA@@ACACAA@CBAACAA@A@C@ABABABA@@AACGACDCFC@GB@DAB@@ABC@ADA@AD@B@D@BAJEBADCBAD@DCHCD@D@F@B@BAB@B@HAH@B@@@BA@C@AB@BAB@@ABAB@LAD@D@BAF@FABAF@DBD@B@B@B@@ADABABABABC@ABABABABCDADAB@FCBAD@FAD@JBB@D@DADAB@F@B@L@F@P@FAF@D@DAD@D@FBFAL@DBB@D@BAD@DCBABADC@A@A@A@@AAEAA@AAACBCDCDABABA@E@AA@AAEACACCCAAC@@AABABC@ABA@AACACACAA@A@C@@B@FABABADG@ABAB@DAD@F@B@BC@CDCBABCHC@ABC@AAA@ABAB@@@BAAA@AAA@ABABABA@CAA@AAC@CBC@AD@BABA@A@ACCCA@C@EBABADE@A@AAAACC@CE@CBCBCBA@C@EC]ACECCAAAACBCDEDALCHADABCBCAO@CDEDE@ADEBC@AAG@CBE@CBCHEB@@C@C@CDEDCBADADADC@EBCBCDEHEFCBA@ABA@KI@CBI@E@E@GHSF]BEBABADAfGHAHCDGHKBADCB@NCB@DABABKFE\\U"],"encodeOffsets":[[87027,36583]]}}],"UTF8Encoding":true}