{"type":"FeatureCollection","features":[{"type":"Feature","id":"130104","properties":{"name":"桥西区","cp":[114.462931,38.028383],"childNum":1},"geometry":{"type":"Polygon","coordinates":["@@@K@C@@@A@@@A@@@A@@@@@@@A@@@@@C@@@@@A@@AA@@@@KK@@@@@@@@@@EEAA@@@@@@@@@@ACAAAACCA@@@@@@AA@AAA@@ABEA@HkMABCIDABE@@AEBG@AECABAE@C@@DG@E@EF@DC@@@A@@@H@HDAFA@ANA@OB@D@B[A@BG@A@A@@CA@@D@@@@@@@@CBADA@BAA@CDBFA@ABBBB@ABB@DB@J@BCBM@CFEAC@ABABAJA@@BA@CAC@C@EBABCD@FDN@B@B@BABG@@B@DG@EBCF@@@B@@@DD@@HD@GHB@@B@JC@@BCBADCBAFAHTAVC@@@@PA@@@@lGNAHACQ@A@A@ABE@@@@@@N@@@@@B@@@B@@@@@BAF@@@@@B@B@B@F@@@D@@@L@@@@@@@N@@@@A@@@@@CD@@@@@L@@AHBH@ACJ@B@B@D@@@B@H@@@B@F@@@B@@AB@@@@@@@@@@@@@B@@@@@@@@@B@@@@@@@B@@@@@@@@@@@@@B@@@@@@@@@@@@@@@B@A@@BB@@A@@B@@@B@@@@@@@@@B@@@@@B@@@@A@@@A@C@E"],"encodeOffsets":[[117261,38949]]}},{"type":"Feature","id":"130105","properties":{"name":"新华区","cp":[114.465974,38.067142],"childNum":1},"geometry":{"type":"Polygon","coordinates":["@@C@A@A@I@BDG@GA@BK@@@@@C@@D@@@@@B@@M@@@@@@@K@@@C@@@E@A@A@A@@@@@E@AB@@@@A@@@A@@@@@M@@@@@@@AF@B@B@BDRGBMBkH@@@@OB@@@@UDSB@@@@@B@DAB@@@@AN@@@@@B@@N@B@@@@@@@BB@D@B@@A@@B@B@P@@@@I@@@A@@@A@@B@B@B@@@BB@DB@@@@BDPBP@DABAFBD@BB@BZD@@@BBB@DAHK@A@ARDFD@BD@HBB@@BDFFH@BLB@DADDJPLNLJBBFCDCDGXOTMF@JA@ERCHB@@BBD@BAFEAK@ADA@@AA@@c_J@AACA@@AI@@G@A@@A@@DEPAB@BBHDAE@@@I@A@@@@@GAQ@@@@@ARAGQ@@Ga@@AMAK"],"encodeOffsets":[[117241,38957]]}},{"type":"Feature","id":"130107","properties":{"name":"井陉矿区","cp":[114.058178,38.069748],"childNum":2},"geometry":{"type":"MultiPolygon","coordinates":[["@@D@@@@A@@@A@@@ABABA@@B@ECCABAEAIDABEAA@AAAEBIBAB@B@@@AA@@BA@@CE@A@@@A@@C@ABABAB@@A@AAA@CBABC@@B@B@DADCBCBEFAR@DD@TGFAD@@ADBHBFB@@D@D@B@BBBB@@B@"],["@@GA@BIDGAAAE@CBC@E@EAACFCBG@O@A@@@ADA@A@CMKAIAC@EE@BEDAAAC@CBEBG@ECIC@A@C@CC@@@ABA@@B@@@@BB@@@@BA@@BB@B@B@@@@@@AA@@MDC@ABIFA@IBA@@@ADCBEB@BABABA@@@A@CAA@@BAN@BADGBCB@BBDABA@ABI@@BCBGDEDEBABBDBDBJBJDHBFDDBF@FBFBBFDFFDB^JDBF@BBFDDDBBB@DDBDBB@@J@DCD@DC@@FBDADCDADBDBBFBBDADCDEFAD@DBADBDJHBCBA@ABA@@DBBBF@D@DF@B@B@B@@DBB@@B@HC@C@C@@BHHDBF@HBDDD@F@BA@@AAE@@@@@@A@@DA@@BA@AEAABABA@A@AA@E@I@A@@A@@@A@@@CB@@@C@@@@CAAA@@@@A@@AAAAC@ABCBC@@@E@A@@@@FE@A@AAAA@@@C@A@CECACAKKBE@CCA@AB@AGHATDXBDABC@CKKC@"]],"encodeOffsets":[[[116763,38941]],[[116840,38986]]]}},{"type":"Feature","id":"130102","properties":{"name":"长安区","cp":[114.548151,38.047501],"childNum":1},"geometry":{"type":"Polygon","coordinates":["@@FCD@FCFAFALALAHELALAJ@LBD@DAHEHCVCTB\\@NCNCLCFAN@TGPDZB@IT@@ED@@@@ED@@@CYKQGMABCBC@A@CE@A@AG@@CCBEI@E@@@IA@C@@G@@BAÉ\\eH@E@g³AC@@@@@@@A@K@C@A@I@@@A@@@@@@@I@@F@D@B@@@B@@A@@@@@A@@@@@@@@@A@@@A@@@@BA@@AB@A@@@@@@@@@@@@@@@A@@@@@@@@@@@@@A@@@@@@@A@@@@@@@@@A@@@@@@@@@@@@@A@@BA@@@E@A@@@G@A@@@BLBN@@Hb@@HRQB@B@@@@BR@H@@@@@B@J@@BFGCAAA@OBCF@@@BB@H@@@BJ@@DBBBI@d`DDB@F@D@D@D@F@B@D@DB@@DA@@H@FAHAFA"],"encodeOffsets":[[117286,39044]]}},{"type":"Feature","id":"130108","properties":{"name":"裕华区","cp":[114.533257,38.027696],"childNum":1},"geometry":{"type":"Polygon","coordinates":["@@ADNBGlB@AF@BB@BBB@@B@@@@B@DDBBBBBD@@@@@@@@@@BBFF@@@@@@@@@@LL@@@@BB@@@B@@@@@D@@@@@B@@@@@@@B@@@B@@@B@@@D@LJ@@@@@@@B@@@J@B@D@L@B@@@@@@@D@´B@h@FfGÊ[@ABCFCBCBECAKAA@@GG@EA@EE@@CC@@CAACCE@ACEA@CB@DC@KB@@CDKHEF@@EF@@CB@@CDKFSA@E@ADS@BFE@@@@@AF@@@@M@@FCBAD@DABKFEFIB@FG@AB@BC@@E@@G@@CE@CABAK@CC@C@AB@@ECA@C@Ma@@ABG@@AHI@EB@FAFI@@BG@@@@@@KC@M@@@@@I@BC@@A@A@CA@@AA@CG@AFmCA@Q@BFS@BCIAADADMA@COH"],"encodeOffsets":[[117239,38886]]}},{"type":"Feature","id":"130109","properties":{"name":"藁城区","cp":[114.849647,38.033767],"childNum":1},"geometry":{"type":"Polygon","coordinates":["@@C@@GABCA@EC@EBCKGBADEBAA@MCC@CAOD@@GI@E@CAACA@E@E@IFUEG@AA@CCA@GBKCACAABA@AE@EF@ACC@@B@@AAA@@AB@@A@@BAB@@@@C@AB@B@@@@A@A@@A@CAEAA@@C@@AAA@@I@AD@PCL@DC@@@@@@@CA@@@@@BCD@@ABC@EAA@@C@@A@@@E@@A@A@AB@BC@AMAQAA@AA@@EFADAJ@FICM@AE@@A@EHABC@GBED@BAACB@@EBK@AF@HBBA@A@A@@D@@A@E@@@A@A@AB@@BBBB@F@T@F@BGA@E@BIG@@CCABEDEIEE@AM@C@K@AEE@A@EFGBAF@D@D@@ADBH@@EBA@AF@BCBAF@^BF@DBVB@BABBBTPDBH@F@AAB@J@BBJL~HHJbNFDDFJDZ@B@ACGg@KDUBKAGEIGGCI@MF[AS@IDMHUDOAKAE@@@@CYEIACB@@ED@@KDEB@@E@K@@E@AAAACBACAEEB@C@CCACK@AD@BA@GF@BIB@@CB@@EH@@GD@BGL@@ABQBUG@GAKAAB@DC@IACAACA@CAABC@EA@CCCC@ABK@ACE@CD@FGDA@A@IAG@AAM@@CG@E@ABBDA@AEA@@FIBADBD@@D@INUFMFYHEQBO@OHOPMLUDICCEI@YC@CA@@AC@A@@FEA@BAF@@K@@BDB@FJ@ALF@FA@DH@B@@J@BD@@B@@@@AJCD@@@@KFQ@OBYFeVOHMHMLKLAH@BD@@DABE@C@@B@BC@C@@@A@@FC@@DF@B@ETCL@DA@@DE@@FE@GFCL@DA@@LCDA@@DFBBDF@DDBB@DD@@DF@@FFBH@@HB@LBDBAFADEDAD@BAB@@@HD@B@@J@@@FFJDA@DH@@B@BDFB@D@DABAHNLRDZ@@C@@F@@C@@FS@@JYAOCSHBV@HBHB@FHAPAB@BF@@B@BC@@BA@DJVB@DC@BX@N@@D@BB@NA@@F@@@D@D@B@BJF@DDNANA@AN@JFF@DAJ@BA@@DAJDBB@BADALA@FBJ@AB@DB@@BPABK@@FJB@BNBHFRB@DAJ@J@H@HBFFDLBBB@FEFCDEDCBIAI@CAACEGABDDA@A@A@DHD@@D@JCB@DB@@BA@@B@@@BB@B@D@BB@BFA@@BDB@JB@D@B@BLAHBFAPCHABJPBNBF@HE@@@CBACE@AFAJAHAF@RBF@HAJBHADEBAHEJCBE@BJ@FABA@G@C@AF@TGDAHCJCB@B@BBLEAEHE@A"],"encodeOffsets":[[117617,39182]]}},{"type":"Feature","id":"130111","properties":{"name":"栾城区","cp":[114.654281,37.886911],"childNum":1},"geometry":{"type":"Polygon","coordinates":["@@E@@DA@E@EDAFB@@@@DA@@D@FDT@BD@ABCHEBAEEEEAI@ECGA@CAAKAE@@AG@A@@BOBA@@@C@ADAF@BKFGDC@KDYB@@@D@@@DG@@`@BD@@DADB@BBJFP@BDAF@FADKFE@G@@CC@C@CBCBADGF@B@DB@HBH@DD@B@D@BE@CDAFA@CAMACBAA@@B@@@D@@AK@@BG@@BBBEFG@ICACCACBIAC@@B@HAJBBHDAFBF@HF@AD@FAF@BGBAB@BABDFB@Z@BDD@@H@@@B@@L@@D@@@@@FFRAJC@@B@FGAA@AH@HBBAJJBADT@AER@B@nDBEH@@DBB@@DBB@B@@@ADJ@@@@@N@D@@L@@@@H@@AJ@BE@EFAJ@BG@@AH@Bb@@N@DDB@FA@@B@DDDL@ABDBF@@DH@@@@FD@@ABAH@@EJAFELEBA@CBCDA@EN@@@@@BE@@@@F@AET@BC@CD@@EB@@@D@D@@A@AD@F@BA@CC@@ABGLKNKNGPGfUZEPAR@LE@@@@DCBI@@@@@AC@@A@IA@G@@CEBE@BKI@@ECA@AL@@@BE@AFB@EB@D@@BB@@DZDJ@DFJDVCNKMIEGIGGEGQC@[BS@EACEJUHIHMAIIEeKMAUAEAMMIGQEKA@@@@IASMQGM@CDAAKHCHIAC@E@EAK@ECBA"],"encodeOffsets":[[117382,38707]]}},{"type":"Feature","id":"130110","properties":{"name":"鹿泉区","cp":[114.321023,38.093994],"childNum":1},"geometry":{"type":"Polygon","coordinates":["@@BGBEDABCDA@AD@@I@AA@HGC@@GC@@C@@@A@@DEFAH@@C@AH@BA@A@A@ACM@EDCBAFAD@D@DBB@@AB@BIBABAD@FBDEN@DA@A@ICAA@BAA@AABAB@AEDCB@ABB@BCDA@@@@@@@@@CB@@DB@B@H@@A\\B@A@CPAB@BMB@BEGCG@@@B@@@D@@CFEF@H@@CD@F@ABDBBFH@FA@BF@BAJCPG@DNBBCBCBIAA@GBGB@HB@E@AD@BIEQ@E@@@@@CK@@@@A@@@GC@ACY@A@CEEBC@GA@CAAEAGBAAC@@AAAA@KA@AC@KB@DA@KB@AA@EEGAGGKE@EDC@AAAWGA@ABEB@CK@EAKCBGD@@E@AA@@@@AK@ABH@BB@B@BABI@ECGA@BI@MB@AIBADA@G@EAKBEBICGCABBDEDEA@DDF@D@@SIE@MBABCDGL@FCAGIIA@@ABADABA@EG@A@@J@B@@CECG@B@ACA@@BC@@A@A@@GBEDEBI@IBA@AH@@CFEB@B@B@@FDBBHJDBF@BBEBGBIHDDLBBBDFFLHFF@HBFFDD@BBDBB@BENADBJBDBABBDFBPAR@DFFBFEFCJABCBGCIEOCIBSLC@[DCJJJJDDDDBJBFDCFBHFBBDFLADBDLHCHCB@BBDHF@BA@A@A@EC@@GDGACDAD@FEFCBEBC@GCMJ@@A@GAA@ABADKBAAGAA@ADBHBDABABA@@@C@@@AD@FDBEF@FFJFHEFABG@SHBBBFFD@D@BBBFBD@FB@HDCB@HDDB@BB@BBF@BBB@B@DAHDFDF@F@@B@J@BEF@BBBBBAJABABABHJDB@DCBA@M@I@A@EB@@ABDB@BCBC@@B@BBD@@A@IAA@AJG@ICCAEAA@GDAHADE@YA@BADB@DBBBABBBB@@AB@JF@BAB@@@@GHFDBDB@DDBBIJ@B@FHFHAHDHD@BLDDABCDAPEH@@HBDBB@@D@BPGLF@BH@F@BB@B@@@@@@@dABBLBbJTFbHHBA@@HDHFAB@BDDFDBB@B@B@BB@BDDD@LDFDD@L@HCBAD@NDDDDDD@LAPCB@AABCHBB@BACCLGFKCK@IDKJUFINSDKDM@AHGRKR_HAFADGDEKIKMIOCCCBA@AKG@EEAC@@AA@GACC@CEBQB@L@BG@CAA@A@@YC@AAAC@EAABCBO@OAAC@@@@CAA@@A@@@A@A@AB@@@B@@@J@@@@@@O@A@AB@@@@A@CAA@@@@@@A@M@@@@A@@@@BM@@@@BA@C@A@@@@"],"encodeOffsets":[[117122,38988]]}},{"type":"Feature","id":"130121","properties":{"name":"井陉县","cp":[114.144488,38.033614],"childNum":2},"geometry":{"type":"MultiPolygon","coordinates":[["@@FHRPRJXTJFNDRAVGTIRKJETBNFP@TARARGBA@@@@FAAALCAAD@CCFALEBAAEBKBED@PHD@DCBBB@NBZBF@BCBGHCB@FBDBJDH@BIB@JBB@@@AC@A@AD@DA@ACABA@@FAB@J@N@B@DA@CCAGIBABABABIAAAA@AFE@A@I@AE@E@ECGCCBA@A@AAE@AAA@@ACAGCA@CD@GEAC@EAAA@A@CECAEAATGH@BAFEEGEI@EFECA@EBC@@D@@@B@BABAACAGBCB@HBBBLABCBAB@HBB@@@NIHDD@FADAFE@EBCDCHBHC@@FDB@B@B@@AGEAC@ADADGKGACBCEKACEAAGDEECIACACCICIIDI\\CD@TKJAPDJFHDDABADIFEAEEE@CBQAOCEAAABACAIBCFM@AAAAC@ACCEEGAE@GEEKCEAAKACCCAQEG@CBCBC@MCAAACBIBEEIGECA@ADGBADGACIECAFCDCFAFIACCAAA@GDKB@@A@GAABAACMDEAA@EGACCAE@CBC@EF@BAAAAC@@@ADIBI@UAGGEO@IHKNGLARAJGBM@OBMDO@KAKIECACAAEE@C@IEcWMMIMQQGMEQASEMMSONOHK@KDQDWFGJIFWJKBMAOAqKOCQQSBED@RBRDLHJNHRLPDLDXPFLDJAJCLMJKHKFKJBLAJGLQFQCO@MBKHEJELAL@LBN@X@VCTCHIVCNANEJILMHODORETAJEJENOTòDABC@C@A@AD@BADAB@BBB@@@BABABAD@@@@B@@@BDF@@AB@@BB@@A@A@ABAJBFBBB@FBBAJCFBABDBFDA@@@ABAB@B@@@B@@@B@@C@DLB@JAB@JEBAD@NC@@BB@@@@@@@A@AAA@@AB@@@@AA@@@@@AB@BA@@D@@D@D@BJDFDH@FADAD@BBCBAFF@@FBDBJNL@D@BCB@B@@@B@PAHEDBDFBF@D@DAF@BBHBJC@AHBD@LL@DADCBWASCGBBHA@@BDB@DAFLLDBDBDFB@D@@@B@BB@B@BEF@@@@@B@F@@ADAD@BBDBB@BB@@@@@BBDB@@@@@D@@DA@@B@@@B@@@@B@J@FBBB@B@BABAFB@BAB@@CB@@@B@@@@F@BB@@ABE@C@CCGAE@CAGG@AD@D@D@@G@AA@CA@@@A@A@ACEC@E@AACA@@AB@BABADIGACBCCAC@EBCFCDCBAAAECACACBCDCBEA@@CDC@CDI@@@AAyÌ"],["@@BDBBDBDBD@@@B@FBD@@@BBBB@JBFADABAB@BDD@@DFFBFAHADEDAHCFCH@JBLBFAHADAHCJMDCDABBPFBB@@@@\\JJDLAJCFGFIHIL@TDPFNDTJRJJHzËACCCA@AACCECAAE@CA]ICAEEECAAAE@EAECCAECGAIAIACACBAFAFCHCDA@AJ@BAB@BAAC@ADAHABC@ABM@AB@DBB@@@B@BABA@AFADABC@@CKA@@@AAAAA@C@C@@@EAGACA@BC@EBSHC@@CBQFEDAñENGLGHMHGBABCBE@QCA@CBABABADKJCBBB@@F@F@DBD@DBDL@DED@HBBBHBDDF@F@FCFCDCB@DBD@BCH@BBBFD@FBBABCDIDEDGBGBCDAD@DDBAFAB@DCFCDOPKLGFKJGHCBC@CACBCBABCBADBHFHBFBD@BDBBFDD@DDL@BAJ@FBDDAFAFCF@@@@F@BCDCDC@@B@DDBBBBBBFDBADAB"]],"encodeOffsets":[[[116746,39104]],[[116565,39084]]]}},{"type":"Feature","id":"130123","properties":{"name":"正定县","cp":[114.569887,38.147835],"childNum":3},"geometry":{"type":"MultiPolygon","coordinates":[["@@@J@@ALAHDBD@D@@B@@@@@BL@HBBBDN@@D@JCNBBDA@N@BF@BDJ@BF@PI@@DAB@FC@ABAHAJBPB@DBD@HHAHTBHA@BBF@@@B@H@DVRLAPENATFD@BBDF@D@@BGB@@BB@FADA@C@K@@`@BAA[AAAB@ECEC@I@ACAGHINOJERFHDD@NABDFAFCDABC@ACA@A@CBEDCAECC@@HOdCBMB@F@DCBA@D@LF@FB@@@@ALNB@A@@BAN@LCL@DB@H@LBDBBH@B@B@DB@JCHAB@BEBCFEB@F@@P@@HB@ADBBB@HBBGBC@ABEBABBHA@GJ@AC@@@@VMJCL@@ED@BBAFF@FHJAFAF@@CDA@I@CC@CGB@B@B@CCBAFHBDDBJ@JBDAFCDCFE@EAAKAECAE@G@G@IBI@CQAGEMA@AIA@EL@BAAO@@CAA@@BAI@EKBCBABA@CABI@CB@@ABI@CEE@IBMB@BMCM@CIE@A@A@C@C@@@EB@@MAAC@@@@MAWD@@CUACIB@@AD@@A@AE@@ABABOEGA@AG@GAUM@EBKDMDMD[@SAUDGDGFCBC@KAI@KBKBGFKBKBEBEBEDC@EDEBGBEBG@@@CB@@CAC@A@E@C@C@C@E@A@CC@@BB@@CB@BBLEFABC@AA@@GAQD@FIBE@SNWPCHCDEDAACFCHEBGBQ`QLGH@BCNCLMTEJIVCL@J"],["@@@CA@E@A@C@AFE@C@EBABABCH@P@@D@@FB@BV@DHERKAA@@HC@CE@AADC@@EGBC@@HCBA@@AK"],["@@C@C@CB@B@B@D@BBBB@B@B@B@BABAB@B@@BB@@BB@B@B@@ABAAAAA@ABA@A@A@@A@A@A@ABC@A@"]],"encodeOffsets":[[[117138,39170]],[[117332,39230]],[[117361,39211]]]}},{"type":"Feature","id":"130125","properties":{"name":"行唐县","cp":[114.552734,38.437422],"childNum":1},"geometry":{"type":"Polygon","coordinates":["@@BCNUJILGDC@O@CACGEC@GCC@QEAA@EKA@E@AI@AAECCKCMBCBBBIBCLABIACECGGIEACA@E@IB@FEFCAIE@EA@CBA@CA@@EAA@AD@@ECBEAAABA@@EC@EA@EA@A@E@BAA@C@UJCLABE@EBMAGACAAABKBCFIGGE@@BE@IACAG@A@AB@D@@C@C@A@@C@@C@A@A@@BA@A@C@@AA@A@@@@DA@@@CAA@A@KBAB@D@BABEDCDAB@@@BA@IC@@AEAACA@@AC@A@@A@CA@@@G@GBAPASEMBOFKBCDaRCBEBCBGHEL@B@DEFIDIJMHGHQNEDCLOXABEJADIJULABOCIAGDCBUBG@KFONIRBNJLJNHL@N@@@BCTQdKFA@CD@BED@BD@BDABEBIJGFC@GCAAA@QEC@A@ENFJFD@F@BADO@GEABEDA@E@ED@H@BAB@F@BA@AAGTENSVYP[ROL_VKLMJcbUhR@N@ZLVHNDLBhHNBRDVF¢PL@REPMNMNCfCTDNFRHTHdHJIZINBRLRGJCJGVIbMDC@@@@FAJIJIFKLK@@TGJAAG@@@OBIFCHGDEBELO@GEIMIKEICECACDKHHPLFAFCF@NDLEHDFADBABHBRDB@BOFKBCDCDEDGBEBCDCHEFEFMFEDGBEDCD@BAFC@AAGBEHIJKDCDCFAHANKFEBGBCRSJKHKBEBA"],"encodeOffsets":[[117426,39397]]}},{"type":"Feature","id":"130128","properties":{"name":"深泽县","cp":[115.200207,38.18454],"childNum":1},"geometry":{"type":"Polygon","coordinates":["@@PGFGJIJOG@@G@GDGBAD@D@JEBA@GCO@CDCJC\\GV@BB@DADBDDDFDFBL@ND@@AY@IAOBEB@F@N@ACHAACNAHAHEBE@IACEAEAEEAED]AYDMD@AAD@CSDA@MDAN@RABI@MF@@KEAUA@CAAGBGDIDMBAA@E@@UD@DC@OD@@@EaD[D@RABWBCKAGiDAB@B@BKDWACA@IE@CAG@@CE@@AADKH@HCFC@E@CA@C@@GEEAI@CBIHGBCCCDO@G@KCWAA@BCGAI@UBMCEAK@UBKG@D@L@BE@@X@R@BHAB@BL@DA@@FDB@HB@BJAB@BFA@ADB@BDBH@B@NJ@PO@CBCB@FA@@PAJE@AF@BFDAFH@HDBF@BALF@@FBBB@BD@PF@TVHRRALAB@@@@@NAPDRBFE@EB@FEJ@AAJ@DA@A@IH@BGFCD@B@H@B@@AJABBBDDADTB@D@DBFHBHBJFD@BCBBFDFGFFDHHJNTPB@"],"encodeOffsets":[[118011,39213]]}},{"type":"Feature","id":"130129","properties":{"name":"赞皇县","cp":[114.387756,37.660199],"childNum":1},"geometry":{"type":"Polygon","coordinates":["@@HGBC@GACLGBAA@BAFANAJCDAD@FEFBHEB@@@FDDBB@B@BEB@B@LG@A@@DARDFR@B@BBDDBHBJADJDDHBXARCD@DFFBBBFARQH@HCDAHBJCFABAD@JBDBB@B@@GFCB@@@@@B@@AFAD@B@@B@@F@FHBF@DAB@@A@G@@B@@@@F@H@BBDBDBNFDADAHK@GB@DCBC@A@Q@AA@AM@EB@D@BDHBDCFAF@HDJEHCFGHSBCJGDAvV@C@CFBBE@GPFFAFDDBAGNABC@EFG@C@AC@AIN@BEBCH@@@BE@@@@BBBB@A@CHCF@BA@C@E@KAKCGGGEEKOCMCMCCWOKQ@@@@IQOICG@KHOAAeWSGUGKAKAS@CAAACAIEC@IEOKCC@CA@MAIA@IDEAGCGAACBEBKFABA@G@@A@GI@MGC@AIICICO@EDCBGAAA@CAAGF@BGHABAB@AB@@AECE@EAAACCA@ABCAACDKAAGD@B@BMAAAC@ADABGD@@@CA@I@CFE@@DADG@EB@BGBC@C@AACDUBCDIBEAA@A@KPGHCB@ACBGAC@EFCDEDEBKBEAIDCCM@IBIH@A@CDEPCH@@CACACCA@BA@EBCC@EHCD@@@@ECCEDGB@A@CHC@@CGKCE@A@EAGIA@IBGQCABECG@AA@ADA@EFC@CDEJABABABCAGBCBAAKIKUCCEIKKCOGCEKCE@ABKGBEBA@E@ECACOCIA[CK@DLBNBHBTBJAPFJFNFRNLLLLJJJHJPTT\\HLJPPPPRPRJNFLDJEPIV@LDLHJLNHJBLFPFNDPALERNTFNBTFRHNRRJNNNdXJFD@F@"],"encodeOffsets":[[116943,38677]]}},{"type":"Feature","id":"130126","properties":{"name":"灵寿县","cp":[114.37946,38.306546],"childNum":1},"geometry":{"type":"Polygon","coordinates":["@@UQ@C@G@A@@AE@AGBSABGGGC@CAA@AOBIBGBAD@@EBA@CJ@@OAEI@ACE@@A@MCBAADM@I@CM@ACAA@GAK@@@@A@@@@CACGCKB@BI@@DLELKHDDABA@GAADBBA@ODKBC@CCCCMCC@ABGDK@C@ECKCC@CC@AAAA@A@A@CACEACA@EBCG@GB@GAaGSEKVEHCJEPKRCNCH@HDFDDB@DAF@B@BJ@JD@DD@R@BAAAAGD@DHBPH@J@FFB@D@D@BI@@@A@@BDH@BKA@A@EE@CBIB@@@JD@BAB@AFC@CB@AA@AAAASLEBEJ@B@BBD@BABABCBA@ABA@@AABCDEHFJFBBJA@B@@BIDEBIAAEA@A@ABCDA@A@@A@CAA@@CBABA@G@OHADFH@@@JADA@CBGDA@ED@BBB@@AB@DABBB@B@BAB@@ABB@DB@D@DHD@BA\\ENADB@AFCBAB@B@BA@ABA@C@C@@BCLBD@@BFDB@B@@ABABBB@BB@CREFABIBGD@BC@K@[EABCF@FADQP@DDBFBHBBDCDA@A@@@AF@@@@CCCAA@CACAC@ADABC@ABABAFGFC@CBAFIFIBOAA@CEAGA@EBA@EEMECAG@OK@EBI@ACAC@CAAM@KA@@@ABC@CCEBCDEBIACAAACBC@ABA@CAA@CBAD@JABCBCBCB@BEB@BAD@BHD@B@FDNJL@@@BCD@B@@FHDBDB@B@@A@ABC@A@@@A@IAAACDA@@@GCA@GDEB@@CAA@CCAAGCGAGBGBEDC@E@C@C@GFCDE@C@EBCD@DADCDADC@C@E@KDC@EFIHBPANKROHOFKHGJGFGPDRDPAN@@@@AHSdARIPG@OAMBGFCNBF@NCFKHKJ@NDPIZCJINCPDRTDDAHCVKNEDAHBHAHBD@D@D@B@DAB@@ABADA@AB@BAFCHCFAFEDABCDCFCHEDAHERGDC@EBICAACBAF@DAD@D@F@D@F@@@D@BADAB@B@L@DBB@B@FABA@@DC@@BC@ABA@@DEBABABABABADAH@DAB@@@DCBCBABABBD@DDBBB@BBDBB@@BD@D@HFB@BADADCJBBBJHBBB@DABAACDC@AF@@@BABAB@B@LHLDB@BCACDCDAN@BABKBCHBDBB@LA@C@GFG@@BAFCBA@DB@F@LBDBFADCNAB@@BHDDBHADAD@DBBH@DABBBBBDBLFFFB@LDD@BADCD@D@FAPDVgdaNILK`UPK\\QZOTUFMHSBBB@@A@EBA@A@GFCF@B@FCBAHFP@BC@A@EECEIFMB@D@RFB@BBHDD@HEJIFABAACC@@AFC@ADCB@LERcDS@A@@@MGKIMIKAMJQPMLEH@VADAHCJBPDBAVKJIBCFIBAPWDKFCRMHGNGJIJCFE@C@AFKHGDAFADAbQDC"],"encodeOffsets":[[117233,39275]]}},{"type":"Feature","id":"130127","properties":{"name":"高邑县","cp":[114.610699,37.605714],"childNum":1},"geometry":{"type":"Polygon","coordinates":["@@A@AEDADCEKA@AKJAAED@PC@CAG@ABCDABI@AD@PFFEJAB@BGDIFCFAF@BBB@@CF@DADAAEDBLP@JH@HABFB@BBFAAAAAAICAC@@EECC@A@EB@A@@@@BCD@BEHAHA^DFGQEIIIMCKES@@@@AE@@@@EOGOMQIIOG]I[E]BOAWAQAQAS@QBUF_LUFQJUHeHK@WCUGGP@LDHPJJR@@@@LRXPDDDNDNLPFFHHDHBL@L@F@DD@@BB@F@BARA@@@EF@N@@HDBFDLAD@HHDDB@DABFDH@B@@LERIFA@DB@@D@JBBJDDDLBB@BAH@BDHBH@BFLATA@@FA"],"encodeOffsets":[[117391,38599]]}},{"type":"Feature","id":"130130","properties":{"name":"无极县","cp":[114.977845,38.176376],"childNum":1},"geometry":{"type":"Polygon","coordinates":["@@ZCVA@ALDBDAB@H@FJ@@HHHFFH@RCJAFERBRDJ@@@ACD@HBACH@FGJAFBBCBMCMDCDAPCDHJHPFPDRBNA@@DGB@D@BAB@@AAAAED@D@BBBDBBB@DADAB@DBPLBB@NC@A@BH@FEFGHAD@@DDLFN@B@B@HIDILMNGJEVKPANCNCGQSUE@@OACA@AA@EE@BK@AAEGCG@BEEC@ABEF@BI@OB@@EDADAP@@OMIA@G@CA@ACA@BEB@ABAAIA@AFE@@BACA@C@A@@ACM@@A@A@ABADABCBC@AEAAQAA]MGWMII@HA@SKCAWcGIKI]SQEBDA@Y@ICCEECaMGI}GIKAAI@A@BBE@G@CASOAABA@AUACAE@]AE@ABADE@@BAB@FG@CA@BC@C@E@ABEH@F@BFF@B@L@DBNF@JFCFAFDB@DH@AJF@B@AHE@S@E@A@AA@AA@@B@B@B@@@F@BC@@@@B@BABGAE@@BAL@FA@BDABC@AF@HADGB@F@BF@@BDNEJI@CBEB@FB@@BBBBRBND@@ABAB@B@@@@F@@@BD@@@BB@FAD@BC@AD@@@@B@@D@@@@@@CDK@ODC@@B@JB@BB@@@DB@FBDBB@@@@B@B@@A@A@@B@D@@A@AB@@@BA@@BB@BB@@@AD@BDE@@FBFB@BADBDBAL@HDB@DBBH@VFJEF@F@B@BDDBF@J@@HC@BP@DDD@NBBFABCHADLFAD@@FDBBA@HD@J@JCDADEBBN@DBBHDB@B"],"encodeOffsets":[[117644,39184]]}},{"type":"Feature","id":"130133","properties":{"name":"赵县","cp":[114.775362,37.754341],"childNum":1},"geometry":{"type":"Polygon","coordinates":["@@D@N@@CBAF@H@BKAAACA@AA@I@AF@@@@O@CB@H@BCJINWHOX]PQJG`I^BKEAC@C@WEA@EC@@I@AFSEABEB@BKAACAMAGA@@@CEAKCKEKFGFBBBFCDC@K@IFG@AHEDG@@ADCF@@M@@@A@CCAA@E@CC@CECUBCBAB@JA@@AE@AEE@CGCI@@CBECEGKGCAO@@@@AA@@BKDM@@HGB@D@FCB@@@EAAYAEBABA@KAI@@IAAEK@@CA@A@A@ACAGDGDC@AAGB@EGICCAAA@CB@GAAIBC@AA@CCEE@CBOAAA@EACEIAA@@ABAEFGCEODC@@EBCEDEIAAGBAAEA@GCCAAE@ECAEBAAE@AEAEODQGE@@CBAGAAA@C@ABCBKBG@@AB@@CGAICQ@@@WDeFOBEH]CGBGBAFC@AD@@@@@BFAB@D@FD@FD@DBBJBBBBEBAAA@AEGBG@@IKOCABFCBCBE@@DA@AAE@EBEDCJAHA@IBEFOEC@@BAJCBAD@BBH@DODC@BFIBBLB@FLCDCBBFB@@BF@BBDH@JBN@B@@@@@@D@BF@FE@EDE@BHUBCBAB@DC@ADBHBBBFBF@HC@CBBDABIB@FE@@BG@ADCB@FABBHD@@EB@F@BBBB@@ADI@ED@FFFBBFA@BD@DBbKF@BB@HCBCD@B@DCBEBA@@D@HB@@F@@C@@BAJ@BFB@@A@ABFDL@FBF@D@JBDGLGBBDCN@RHTNJB@@@@LBRFJHNNFBVBNBfLJFBJGNGJIVDFFBT@\\AD@HRHFJHFHNJPOPGP@RAFZGNEVEJMC@@@ACBCJA@EB@BFB@ACBAF@H@@DN@BBH@JBB@B@HC@EDCF@BDL@BAD@DD@DFBD@BADBB@BDDBJBD@@CBALBHBH@AVAR"],"encodeOffsets":[[117746,38789]]}},{"type":"Feature","id":"130183","properties":{"name":"晋州市","cp":[115.044886,38.027478],"childNum":1},"geometry":{"type":"Polygon","coordinates":["@@@E@KBEBWK@AIE@@CKKKYA@AA@A@AHA@@@ABC@A@AH@R@B@@ABA@@H@HG@GB@@I@AUAAIBG@CCAO@E@OCCGBECCDCH@PAVAB@AG@@AMAAKC@DSB@KD@A]@AC@@AE@C@@EM@GC@SE@@MEBCA@C@GD@@CBECCAAG@EAACA@S@GD@A@ECBAG@AFA@CDCDFD@DC@EHA@ED@DABGJA@CACGB@CG@BCBCAEMBAAAI@AA@@WJ@@IB@@MAMGB@GE@@EI@@BEBEC@CEB@EC@@@AGBA@AI@@@AECEIA@CRCJC@C@@BAD@B@@BB@RABK@MIA@I@CJ@BQI@@A@M@CB@BCA@@EEBBE@@A@@@@@OA@CA@E@AD@D@BC@E@ABAF@DABEDG@M@AABCI@BCK@@@@@C@@G@I@@@@@CG@AABACBI@@CGEGD]A_JIHORW^GPMXIJADG@A@@D@P@@E@@B@JBBB@BDBBALG@E@AB@DM@C@@BK@AHC@@HG@@FA@@DA@AJE@@HABC@@BDLDB@D@DFABFBDDABBBBF@@@@L@FA@CF@LC@@FA@BDFJDZ@@@@BFBLCPGVCN@JBTE\\@NDJHHFJBHALCV@LHhRF^TLJHJXdDBTLB@@GJJXNNHB^RBBBBFD@DABABCBAB@B@@@DN@BB@D@B@BD@AF@BE@GCA@EB@@CAKA@GB@A@Q@WF@@A@K@CLHVAL@FBNDVAJ@HBADB@XBLDH@P@DCDDHAJGDAJ@FBHF@@@DDBF@D@DE@GLGBC"],"encodeOffsets":[[117980,39037]]}},{"type":"Feature","id":"130131","properties":{"name":"平山县","cp":[114.184144,38.259311],"childNum":1},"geometry":{"type":"Polygon","coordinates":["@@MAA@AACDC@OGC@AFALBFABKFEBDDC@BBKDBBEB@@@@ABQHQBSBO@MESAIFQLSJUHQBMCIEWSQIQOEGIGQISIMCOESCK@GJEJEHIDKBIC[I@@@@AAOEAACBCDINGDCBGBEBKAIAG@EDGDCBCFGBEBEACE@@CC@ABABABCAE@IAAAA@@C@EAA@@@C@CACAAAACABEBE@GAGAGAICEA@AS@KDODSFQBOBM@E@E@CAEDCAAAC@ACC@EBABCBGDABFBJFDB@DABBB@@DBDBFBBBBB@DCBABCBCBC@CAA@GCC@CBGDADBFBDBF@DAFADCFC@CAECKEE@AAC@OCOBKDIFGJOTMJMDKBU@UCaGU@KDMHIJCJETQNOPIH@TDZDNJZDLBT@NBPIRUNMLGLEJCPDPHPBLFPDLRTLLNJLJPJLLJJ@NGHKJGHQNCN@LCLAJAL@LFHFR@V@NBNJRNDHBDBDBFBJFNJNLFLFRGLARDLBPFRFPVLRBRCLCVATANBR@PBVFPHHP@J@L@RALCTBLDJNHRATINKd@RHHHDNBLDLFPJRHNHNNJ^IXCCQDOJMDIJYCO@MLILGDE@MAEDMHENAPBH@JOBQTcBG@@@@BMCOCQHOHEHILGPEPGLQBMAOJGFED@LCF@D@D@BCDCBC@CDCFAD@F@DCHED@D@F@D@FCHAHAHBHDBBDDB@DB@@FAHCB@HD@@B@DCBBJBB@@@B@D@BAB@@@@ACACAEG@@@ADC@A@@IKCM@E@AGC@ABC@AFA@ADADADABA@IBCDAB@DBB@BAD@DABBDBJBFADCFADDD@BA@@B@@LBNDBD@DB@BAJ@FPLH@DBNFFFB@FAB@BHDFB@PBJAJEBEDAD@HEBEBABAD@BABCD@DBDBB@DBDD@@@@BE@@B@B@DCACGAEACA@CROBC@EDEBA\\FL@D@@AHCJABAFEDQA@@AAABABA@@@ACAAE@@ACDK@AD@D@B@BAB@@A@ABADABEA@BCFMB[@AGC@C@CCAA@BA@@BA@A@AAABA@CBA@@AA@AFCB@HCDAB@BC@I@@EGBCPGH@B@BADA@@BB@D@BB@B@DCBAB@B@BFJBFAJC@AA@B@AIEAEIFGDCBA@BB@BAB@DABABA@AAC@A@AFIFATKBBBBB@@BDAD@BEA@ABC@@I@@JADAF@@F@BLB@ACG@AB@@@J@@A@C@CEA@E@IOGGA@CHCBBBB@A@QCCC@@IAIA@E@CBA@CCCE@GDGDMLQFODIFGLUaIKAAAcB@@@@@@A@A@@A@EAGE@HKAOC@@@AAAC@GG@OFCBADCBKC@AGCGCGBGE@E@AJIAACCA@ACECHG@@@@BA@AIEA@@BA@AABAAACAA@BC@A"],"encodeOffsets":[[116930,39094]]}},{"type":"Feature","id":"130132","properties":{"name":"元氏县","cp":[114.52618,37.762514],"childNum":1},"geometry":{"type":"Polygon","coordinates":["@@BA@ABAHA@ABE@EBCE@@GAEBEGCAABI@G@AD@JBDADBBDJDH@FEAA@AH@@AL@@BC@@@A@@@BBDANBDBB@BEDCF@@A@C@ACCG@GAA@@C@AHEBCDADAD@D@@DH@F@LEBC@EBEACO@IEAAA@BC@CC@@A@_H@@C@@@C@@ZALCD@HCLE@ABEBCD@@@B@PA@AB@H@@BF@LBBB@DHBFDJ@FBFFBFFADGBAC@@ACS@E@CB@@C@@A@BEFCF@B@@CF@B@@@EA@ABI@AD@@@@EA@@G@CB@FADA@C@ADCDA@GAAE@aLCAC@@AEBAAEE@EFCJ@BC@@AAAAE@A@@FC@AGBA@EDABCH@@AF@@EJABAACDAD@@GAEAEAAAGBCD@@CBADAVAAGF@FCF@@EAEC@@@@@@@@AAM@ICGAAE@@AEB@@SBKBAEG@GAACG@ABA@KACCICAA@I@CA@@CEBQJKF@@@ACGAECBA@CCGGC@KBECCA@GM@E@@F@@QBABE@A@@AC@ABE@GD@D@BAAAA@@@@AF@@G@ADAFM@BJD@@B@DEH@FADMBBHCAECEBOE@HAFEA@D@DuUCBIHADGTEHGDIFGCE@EBCDGAACC@A@@FBNB@@B@R@BADCDA@@HGLCBCBMECACAAAG@E@@@@@@AH@B@@@BA@CAEEGE@@@@AA@C@EB@BA@@@@@A@ED@HA@A@CAIAC@ABEBIDGACBGDG@QREBAAEACEC@QDWBGACCCIIBGACAAC@A@AEQQCCB@@@BKHA@A@AFA@A@CAEC@@A@GFEAEFC@CBIDMBEBABB@ABKHBD@HADGHBFDBDBJFBL@LCPAN@PANIHQBKBMHGL@JFPHHVBJ@JABC@@D@BBBB@AFED@DAF@DBBDFHB@FBNCBDABBB@H@BA@CL@HBBDBBDEJEBCDEDDBJFBDCHABCH@BDBHFFJAFAJBDBBNDD@DADAH@RFDBJGHAFAAAE@CAGIAAEC@@@A@AFADE@@BGB@JAJ@FAFCHA@@@B@BD@@AB@BDA@H@FD@DA@I@@@@BFHB@BABCBA@@JBHJDB@EHKDCBANAF@TJ@@@CCE@CFBFCACBAHDJDFALAFBH@B@BCJA@BNAJ@@AHBFDJ@BA@A@AAAG@BAL@@B@@B@@B@FC@AHLDFBL@@DFABAB@XHBB@BCD@FLFHHHBFFB@@BLAB@@CLAD@@BLBB@BB@BD@BBHAFBBB@DHBD@FA"],"encodeOffsets":[[117237,38835]]}},{"type":"Feature","id":"130181","properties":{"name":"辛集市","cp":[115.217451,37.92904],"childNum":1},"geometry":{"type":"Polygon","coordinates":["@@J@DE@ICA@@AKNC@A@EF@@CDAAM@CBAFAH@@HBBPBPCBJP@@EBAFCJ@@@B@BCDCVEHAHBBDBDF@@DD@@FH@@@DDBBB@B@BA@@B@B@ADF@@GF@DADAAEJAD@DABC@CCKG@CCAGAAI@KCACH@@EAKACC@@@AGEMDIACAGAAKAGB@CAA@CF@BABOCCCACAGB@CAAG@@CBG@AC@@AD@@C@@BABB@BF@DABDLAF@@C@AH@BAB@F@AEDEGBMAIACACC@CACD@@CAG@AFAPEFCAEAC@I@IHCFAB@AEECEBGOCBCKAACAG@ACMD@@EB@DKHGBGAK@BMAAAB@MDB@CAICECCG@UBADCHAMAAC@A@CKDAAACCEAGAIAGDC@@C@QE@@M@AC@AI@EFA@@XA@CDA\\A@AACFI@IAGE@BEBACAY@A@BIE@AB@HGAA@@CE@A@AE@K@AAAA@@ADIAOAKACAAEBA@AECKAEBCBACQ@EB@BOZA@@BCBAHGBA@A@GGBAEC@@GACA@CA@CA@CFC@AAGBCCCCCBAUBAH@BCAG@CNCACDEFARCBDB@D@H@BABCPC@GBAHEF@@@BEAG@ACBA@GEKCK@UDeHABKDGCCAAOACEAGCC@AAAA@GGB@AAC@GHALK@C@ECC@AEK@@AAAE@@AA@@AC@CC@UBE@AA@ECK@ADAAEAAC@CK@EHA@A@CAEABC@A@C@CAOB@@ABAD@BCBEDCBICABGBGBA@@BCDAHB@BB@N@FABCLAJ@FB@JBFD@DAH@P@BC@A@ALABCBAHABADE@@@CTAHCB@HI@GBA@@FG@@HC@AFC@KD@F@@@@CCG@EDCFMACBCB@J@@IB@BA@GAAC@@SJ@@AAG@CD@FCBAFC@ABG@CBBBEBABAA@EC@ALAB@B@D@FAB@DVJ@DAJD@@BEDCHCB@FC@@HE@ABBDF@@DADA@GAADA@@D@N@BJ@ARI@@D@JJB@NALQBA@@AA@C@AB@@@DIDQD@DJBDFBF@@J@@BABBH@@D@@FFA@DFDFA@AJ@@FF@@HHABN@NA@@JI@@XB@@BBJBBNABFADADH@@DHABD@DIBAHCBC@@FGB@FCDC@CECD@DEB@BBHDA@F@BHCT@B@BDFBH@BBDDAF@DC@@H@DDBFA@NF@@THDN@@FD@F@@BD@@BB^C@@LTA@CLDBBBN@@BHA@UBOBG@CDDDAFDHPDF@P@DB@DAHBJVB@B@JA@@HGHG@@@AB@BA@Q@G@@B@BAD@B@@GB@B@BBBB@LZLL@DF@BJL@AXAF@L@F@BF@@DH@DBF@@JDBXBLC@A@ABAjCBHDLXABA@Q\\CbC@F@@PCD@@CVC@@@FBBNAJCHCHABB@DVBFB"],"encodeOffsets":[[118138,39036]]}},{"type":"Feature","id":"130184","properties":{"name":"新乐市","cp":[114.68578,38.344768],"childNum":2},"geometry":{"type":"MultiPolygon","coordinates":[["@@BK@@@@EAE@@K@CABCDE@A@ANcDGP@@DDBFCDAF@D@BDB@BADCBDD@@B@F@B@@DFCJC@@BAXKFAAA@A@C@A@ADAD@D@@I@@@@@E"],["@@OBAB@H@H@@DBB@@@@BBD@@DBBBBF@@JDB@@A@@BADCFCBA@A@CBALAB@B@DB@@B@@C@@B@B@@BD@B@B@@AB@B@D@@@@DB@D@D@@@@CBAB@H@DBJBF@@AF@HHEJADALBBDBHBNBFAF@BADKVID@B@ABF@B@B@@FFBD@@FB@BABBAFFD@@BCB@FB@@DBB@DAB@@FJFDBFE@EJAF@B@BDJFHHFDBDAJKBADAJAAADDNDLFDBBJ@@B@FLB@FBBRFD@HDD@HFBD@D@PCDKHIJMVADPLRJXJ^DRIHALBRFD@@@TJTFRBT@PChEFCDAHIFODOFGH@@@AICCEA@@@@@@KB@CAMJEDAHC@SJ@FB@BBP@@DPA@@DDNDBHAAEBEHCFADDDI@G@@AGAAABAC@EBEBCB@BBBBHBB@@GB@@FD@D@BE@@ZKJGBE@@@@DCTQ@@@@@AB@@@@@BCBAP@BAAA@@@CB@@CA@AA@CB@HCL@FG@CACBKDG@IF@B@BC@IAEAC@GD@@C@CBAB@BA@GB@FAJBB@@ACKEKCG@@IBC@CAACESE@@AGCICIAEQ@I@AA@CAC@CAGAA@EGGACEAG@EDE@@@EAE@ADCBA@ACAAGCAM@AACFCBIDI@@BGFBFKFAAA@A@IDGDCBSHE@@B@D@HABEBI@@AAFIDGFABCFGBIAGBE@QAE@GBIBEB@BDFAB@D@@GFE@MAOAAIGBODEBGAKB@A@A@CIAA@AC@@EB@AAAC@A@A@@A@@@AB@@AA@E@EBIBEGE@BEAAC@@FK@IDUN@@@@BDI@@HGBAAABAF@BADAHGAA@AABCA@@GO@@@@EFADEFA@ABADG@ICAA@A@G@AAAC@K@GCAK@KDM@AB@@@BMA@F@@@@@JB@D@BAB@B@B@@@@B@BAB@BBBBBAB@BA@A@A@@AA@@AA@A@ABABA@A@A@A@EBWLAB@@IDEDBL@@ABGD@@ADFH@@CDBBF@@DGD@@BBQLGF@CAUA@@EC@@@@ODGBABAFAD@F@BED@@@CCEDEBACMBC@GCQEIFMPGJBHBDJ@D@DF@FBABBB\\AB_@@@@L@DCBEBA@@AA@AH@@@CCEAAC@"]],"encodeOffsets":[[[117361,39203]],[[117264,39273]]]}}],"UTF8Encoding":true}