{"type":"FeatureCollection","features":[{"type":"Feature","id":"131121","properties":{"name":"枣强县","cp":[115.726499,37.511512],"childNum":1},"geometry":{"type":"Polygon","coordinates":["@@]@KFQLMJKLMNELAB@@UNUAYF@NETMDMAM@Y@K@QFLP@@@@B@ANMHM@QDODOJCJLJPNDTNCTBTBTJFL@JANELUJM@U@QBWJMBIHCRAPETARATEPCJCN@LJVHPFHHJLFPFLFLFXHN@THFHDLAPGNCNFJNHPLJJJJLHNFJFJHNN@NILCPBD@@DLXFZF\\JRHLJPHPDRAnDdDZFTLFHCJEDGHAFBDB@DAR@BBABF@DAVGRCRGHEPMLGNERCnBVFXFZBPDRBL@@@@@LAOQ[UaQ[KYQU_@CFE@C@AB@@AB@DGBO@AB@@EC@AEG@AAAKDEBE@GBCLKB@DAAEHA@@@AE@@EGB@A@IBGACFEBBBED@AGF@@GB@@EAAE@E@IF@AWBK@@K@C@AI@FK@E@M@AEMA@ACACCG@C@@M@AABACCBCBCB@DCJ@@OCOB@@CCGAA@@A@@@EBAA@@E@AAAGD@GKEAIBA@@C@EBAD@@EEGGGIIDAFAAEDAAAC@EBCC@@A@EDA@ECA@GEWM@FA@UMKCABBB@@GBA@GC@CDCIAAAE@AB@BHAB@@HAJADC@ECCCAEAG@EEBCICAAC@@@AACA@CKDEDAHAAOESDW@MEGCUNQJIDKISKQKMBSSSIG"],"encodeOffsets":[[118541,38111]]}},{"type":"Feature","id":"131102","properties":{"name":"桃城区","cp":[115.694945,37.732237],"childNum":1},"geometry":{"type":"Polygon","coordinates":["@@PAVETEHK@KAOCMEUAMJSLMLI\\MPEHIHKBOBOAGB@BB@BJC@@AC@AL@@EF@CCFAAESMIMCAAA@ADADADBB@@BDB@EACA@AGAAC@GD@C@CC@IABDA@E@AE@A@C@KN@@@@BBBDBF@@AF@BABIBAB@BGC@@CEAE@BAAAQ@CBA@ACBEHGFCDIEGSKYEcCmCQBOCOGKIQG[IYEWEDLFLBLAJGHKBSOOKGA@BA@YBFB@B@@EBBDIDDDCB@DC@DDA@CBCAACAIQ@UAOBY@@@MBe@YD_TER@RCRKXKPQTKJOLKB@@@JG@@FCBKBEGEAE@AGBEIO@AB@BAACEBCBBBGB@B@BMJC@C@@J@BE@AACACBC@@B@FAB@BCBGCEBA@GDBFBFDDHHB@AC@CBCBAPC@CB@J@BDDNADCB@JHBJ@@@BAAKD@@GFELDFB@@BCF@BBBL@PATCB@DABEBY@C@CDU@ABIBANAFGDCBCAIA@BDBFB@FF@BFF@B@@JJABJF@@FDDFB\\C@@BBB@AAJABADSLAJPBBL@PBVCFA@K@AD@@GD@BHBBB@HAB@@EF@B@@BBBDA@A@CC@@AAK@GFEB@@@D@DB@FBRDA@D@BB@XElJJN@RGREN@PBD@F@@BBDD@DCDBNBBD@AD@FD@NB@GBB@BrGBBDD@FD@H@DA@GAGHAFAACDAHIVGP@Z@PB@@@@J@RFPFLJLFNBLAZCN@N@LDVN"],"encodeOffsets":[[118540,38739]]}},{"type":"Feature","id":"131122","properties":{"name":"武邑县","cp":[115.892415,37.803774],"childNum":1},"geometry":{"type":"Polygon","coordinates":["@@LULKLMJOJGLIDCBBJ@PAL@@A@AC@C@AACMA@IGAA@AACCEA@@@@@CA@BA@AAA@GIEM@ISKI@A@AAG@DEEC@CBED@@AAGJACKNABA@C@@GAK@ACCAC@@DC@AE@@ABBDEDACEC@EEC@EA@@AD@B@DCBED@FABBBFB@@CF@BHDDB@D@@CB@JADBFFFJBBLAFE@AJCDC@AGIIKGIGIAK@IBABCBADCBALEHCB@DEBEBABAFANAFADC@A@CAAA@AAEBA@CCIOEEIIOGM@OB]OAQAMMMOCM@UAQEQOBGDOA@@QDCH@CKAA@KA@@@C@AACE@EBAB@@@B@@ABMACACAAG@@DCA@AAE@AAAEBCAAAAA@EBGBAF@AGE@ECAGA@AKEKCEEDACABAE@@AC@IKB@@@@K@QAOCYAWEUEmAQDMFKHONGFQHQDUHCBFB@DD@AHA@ABAJABE@@BE@CAAA@A@@M@@L@D@BBFF@B@ACJBD@@D@DHCD@BBBHB@BD@FCA@AA@CACBCB@BBBDBJNTNBFEBDDE@@FK@@BBD@@ID@AAAA@BHAPAPGLGJOF[NKJKNITBNFVDNBP@LGLSFUFOBIPEP@PDRBVHTJRTJPFJDJLFJ@F@@@@DLdF^LRF^DV@`FTDX@RB^DTL@BA@A@@FBDCBA@BFDDBBRFHDBDBFDAF@B@BDFA@AD@@F@FLPDD@BBBRA@ADA@BBBH@B@@CAGD@DA@G@AD@BBLBF@FDADA@AJKBCDDABBBNF@@FBBDBL@HAFA@E@AFAD@DJFHT@RKXIJCLB"],"encodeOffsets":[[118852,38903]]}},{"type":"Feature","id":"131123","properties":{"name":"武强县","cp":[115.970236,38.03698],"childNum":1},"geometry":{"type":"Polygon","coordinates":["@@LB@BFDLB@BAFB@CBBBDCB@@AD@`BDG@GBG@GAA@GDE\\CD@@ANA@CP@B@@ABAB@C@@C@AD@BD@BBGD@BCBAB@BABAFAFADDHFB@D@@@ACH@HBJHFFJBH@LAJJDBB@FAB@HDNFD@BA@ABI@CAA@AB@B@D@@@B@@A@EAGAICGEICA@ACACCGEGEECACAE@CBCDCBA@C@AACACL@@CN@@@AEJ@CGBAB@L@BA@S@CAABA@ACEEB@ED@JCDAAEDCFAB@BBB@JEEIBA@@AAIAI@CBABBBCDC@A@@AABA@EKAC@AA@@KJKPKJMDODMKAIDWJQLS@EGCIC@EB@B@FEBGBK@CAAA@EE@AMAACBDCLABIB@BCECE@KAAAC@@B@HCBC@BH@DA@G@AA@ACB@BQBAA@ACCKO@E@EC@@BEBACA@E@CBAEACGCQEAACCAEB@DAAC@EB@B@@ASK]CQAW@SC_EU@]CQE]KcEKHGHBNBHF@@DD@@FJ@B@@DH@FD@BG@@FC@@BG@ABFBD@JF@BKF@D@HHBBABBB@BDBHBBADBDC@CD@DCBAA@AC@ADEC@@@@E@@@@@A@C@@ASAA@CDBBA@C@E@@DG@AD@BB@@HBDDDNBBFBJD@@D@BZCDLHC@@@@@@BNA@IDCFA@BHAFABCDMBDDA@OD@@ABF@BHB@@HF@B@@@@F@BF@FADA@@DBHT@@@@B@FAFLBD@@FN@@EBAEC@@DBHABBB^HBDDDHABDFABDF@DHBBRA@VD@AFAF@JM@ABK@BFBB@F@@CAADBHBHBHRHRHVNNJLFTD`C@B@D"],"encodeOffsets":[[118683,39075]]}},{"type":"Feature","id":"131125","properties":{"name":"安平县","cp":[115.519627,38.233511],"childNum":1},"geometry":{"type":"Polygon","coordinates":["@@DFF@DA@ABA@@BBL@FDBD@JDL@BC@@NBBHAD@ACLANAF@BA@C@IAGAE@ABCAK@GBAF@@@BEEAAIBCDB@A@AE@@@BAFAX@H@D@@BAFB@B@BCP@BB@F@HD@BNBBB@DBB@B@ACHAD@BC@EB@BAVBBB@@@XA@C@@B@DB@D@@ADA@B@DB@LEBAJA@A@EACB@LADAD@@EB@F@@DBBFAB@BBDBHA@FD@FA@CbENCBB@FF@D@BDADANP@B@@D@@LA@GD@F@@IHAAGH@@CF@@IAAGEEGBACCG@G@CA@CBCBADAFA@ADADAFABA@CH@AKF@D@AEDABBDABCCAA@I@BECAIB@DAD@DC@O@C@@@A@[IQGAFA@E@BIGA@E@AABAB@@G@@ECBAACIA@IBA@@EA@@GEA@CB@\\GBCBIAUGOIKCMAMCOEMMKKGMCQEMCUKCOKHGB@@CBOJMJQHODQFaAMC[M@@@@@@OEKAMAQGGMPQLMDM@O@SAQEWAGF@@GFA@EC@@CE@ACACGAGBUFCDADA@@@I@EDAB@FO@AIODOAAA@GG@EBAB@DBNCB@DE@@F@BMDBL@@DB@JCFI@@LE@@NAJQBM@CB@NCBDTC@BBC@CNBZC^BFFFFBFBBD@JAFGFGBMBBDGBBDM@E@A@AFBP@JBZJ@BCAC@@VBNDDBDHDDDBH@BB@FAFC@@BARL@@HD@BDD@BHBDD@D@BC\\BJBDD@L@BGA@BAD@J@@E@CAA@Ch@BGA@D@BHH@B@DP@DBDGA@LGJAFFBB@NB@@HFBHBHBDBDEHATEFAP@`E@@BDBBFBF@LCDAJABB@DAHA@GBEABH"],"encodeOffsets":[[118248,39259]]}},{"type":"Feature","id":"131124","properties":{"name":"饶阳县","cp":[115.726577,38.232671],"childNum":1},"geometry":{"type":"Polygon","coordinates":["@@F@BABC@CHAFCFAFBDCD@H@FBBDBFDBBJDBF@J@B@@BF@BAAI@EBATAD@@@@@RATCNGHGTIPABB@@DBHAR@B@@DB@TAD@@CF@AGF@AEJA@AC@ACASCEBCBADBDI@IA@E@CAACAE@CG@CC@CEBAEC@ACD@@GLAAIBCAAF@@CE@AADIBARA@@@CFEHA@E@AH@DEJE@CAA@ECECAC@CEBCJAAE@CJAFKH@AOACBATAFA@IFAD@@AAGFAR@@WAI@@ACAAAAGCA@CEAGAEHCDABCJ@BM@@BA@C@A_DSCKEMIUMQGQGAGAGAGBCDB@@@EAAG@AA@@ABBD@@C@@HI@AFG@EBAB@BMAOBOAcCOIMGGIKCOCQAOB[BMAA@@A@@GGKKIIKEKBOFMHM@SBO@SDgCW@_FIJCP@PBRBLCRIRQPDPVLNDRFNDLHNLFNDPBNDNJLHPBVAJAD[HA@@DFB@HB@@FB@JAB@DJBBDA@FH@@@BABA@B@FHBAJF@B@BERH\\JB@@@D@P@D@@CBC@CJADBAFJ@B@DBADCBAACBBFC@E@BLG@@DABEBCBCB@BEBCBABAD@DDBH@H@DDABFHHFBB@JE@@DG@BHGB@JE@C@@HBBBHFBD@DAd@LHF@BB@JF@@LF@@@@FAF"],"encodeOffsets":[[118483,39289]]}},{"type":"Feature","id":"131126","properties":{"name":"故城县","cp":[115.966747,37.350981],"childNum":1},"geometry":{"type":"Polygon","coordinates":["@@D@AA@A@A@@ACDA@GL@@CB@BAB@@@JA@AA@@AB@@@AA@IB@@@@AE@@CEB@CA@@CEA@GC@A@@AA@@D@@AC@CC@@E@E@@@A@A@CDDF@A@@ABAB@RA@CD@@@D@@BD@@@@DD@BDJA@DB@B@@A@@@BBBB@@@@@@@B@@@@A@AB@@@B@BBDDBBB@B@B@DC@@@A@AA@@ACAA@GCA@@A@@BA@AD@@AB@DBBBB@B@BAD@B@@@@A@@ACCCCA@@@A@@@@B@@@D@B@@@B@@ABE@A@@BAB@DAF@B@BAB@@A@A@@AACAGAE@CAA@@@@A@@@A@I@A@@@A@@AA@@C@KBC@@@A@@A@@@@BABC@@@A@A@AA@@@A@ABA@@B@@A@@A@AA@@A@@AAC@A@AA@@@AAA@A@@@ACEGGECEEEEA@@@AA@@ABE@EBC@CBC@E@EAEBC@C@CBCBCBC@CAC@C@E@CBCBCBCBCDABAB@@EDCD@@CBCDCDCDA@ABAAA@AAAAA@A@AAC@C@AAA@AAC@CAA@EACAC@C@C@A@A@CACAAAC@C@C@A@GBC@A@A@CAAAAAAAA@AAAAA@C@C@CBE@EBCBCBC@CBA@C@A@C@A@AAA@AAAACAA@AA@AA@A@E@A@C@@@A@@BA@@@GBEAE@@@AA@@A@@@@@@A@@@AD@@@@AA@@@B@@@BAB@@@@@@AA@AC@@AABA@@@@AA@@AAC@ABA@C@A@@@@DAB@@@@@B@@@@A@@@ABA@@B@@A@@A@@@@@A@@@@@A@@BC@@@AA@ABE@AAA@AACACDCBABA@A@@@@CA@@@@A@@@A@@AA@@A@@AA@@@@@B@@A@@@AC@AAC@AACAMBEBC@A@@@HCDCJC@@AAAAEASAE@EBE@AAA@@AAAAAC@G@A@AAAA@ABABADAHEDC@A@@@AKCA@@@C@@@A@C@@@A@@A@CBABABAB@@@@@DBHBB@B@@@@ABC@@@AAACC@A@@@G@AA@@@ACCAAAAA@A@AAA@@A@A@@@A@@CAA@A@@@@DA@@@A@ACACCAA@A@A@@DCFEDEBE@@@C@CAEI@C@AA@A@A@@B@BC@@HE@C@C@@AAAAA@AAA@A@CA@AAC@@@AB@@@B@B@@ABAB@BABA@C@AACAAECCAACCAA@@AAB@@@@AB@@B@@@@@@@ABA@@@@@AA@@@@@@@A@@@A@@@AB@@A@@AAAA@AAA@AAC@@AAA@C@CBA@@BABCBEB@AEAGCECGE@@KHA@@@@A@EAA@CB@@@@A@A@@ECCAAAAACC@AA@A@@B@D@@@@A@@@EAAA@@@ABA@@@A@@CE@@@@@@B@FA@A@A@AAC@AAAAE@C@A@ABABAHEIA@@@A@AB@B@H@B@@CAA@AAAA@CCCCAACECACAHCBBBAACKFICDEEAGDAAAAGGCCAA@CBEAC@C@A@EBCBCDCDE@A@A@E@A@AAGAC@ABADAB@@@BCEB@AC@A@A@@AAAAE@A@AB@@@B@B@@AB@@AA@@CB@@CIBBDA@@@AAAAEKAAACCAAAC@AAA@@A@@BCDAB@@A@K@AACACCCE@A@A@ABC@A@@@AA@@@A@A@@DCBA@A@AA@BCA@AACCIVELGPGTILKNOHIFGBCBMF_LYTGPG\\@RE\\CNHPEHGPCLFJFFJHTTATLNLRJTCLIJMRDVFH@NCXFTBPGBCBCFDLB@BD@B@@BDDBDJFA@FBHBFDDFDD@BCBI@GA@GB@ABAF@BBJBCD@DHDB@HA@@AABALDVNB@@EXNHFB@FDB@FCB@@@DDFAD@BBCBBFEBCBJJHHFH@FC@AB@F@DB@JAFBHLC@BHBBF@@@BBFA@@B@@@BBDH@DA@DP@PI@CDA@ADADDDABBBN@@@@DDHBDBDB@FN@B@N@FELJ@@B@D@LL@XA@BJEF@F@BB@FA@F@HB@@DDJB@DB@FBJ@@BB@RBjDTDRFJJPJJFPDTGPIBA@C@G@AAACAA@@ID@HD@@ADJ@J@BBE@@BF@BDBB@@@AB@B@B@ACBADBBDB@F@NAD@HEHDDCLBH@@D@BB@B@FA@@@@DDDD@@A@BHBBCBFF@B@BC@@FRLJHLHNFLBRKZMRIPENOBG@AB@@GAAEBAAAC@I@AB@JABA@AB@NA@AIIGG@AFAACA@A@CC@AHCF@@CP@ACJ@@GD@@GF@hABB@FH@B@@F"],"encodeOffsets":[[119018,38369]]}},{"type":"Feature","id":"131127","properties":{"name":"景县","cp":[116.258446,37.686622],"childNum":1},"geometry":{"type":"Polygon","coordinates":["@@@@A@A@G@GBEEKUUIOMGSKIOOGIACGGIIMOGSKWMUKOKOCQPMJ@CSBMEMSIWAUCQCAQ@M@OCI@@C@A@ABAAA@A@AAC@A@C@@@@AA@@@BA@@DAD@D@HAF@B@BA@@@A@@AAEEA@@AA@A@A@A@CBA@A@@BA@@@AAA@AAECCAA@CAEAAAA@ABABAD@BA@ABA@@AA@@C@A@ABCBABAAA@AA@C@EBA@A@@AAABADC@AB@@@@A@@A@GAA@A@@AA@@A@A@@DCBA@@B@@AAE@EAE@C@AA@A@AA@@A@@ABCDCBABCBA@A@@A@@@A@CBCBE@E@A@@@AAAAAA@@BABADAB@B@B@@@B@@A@A@@CC@AAC@A@@@@@A@@B@B@F@FAB@@@FBD@BBB@@@B@@AB@@A@@@@A@CACAEACCCAAAAA@A@A@@DC@@B@D@DB@@B@@@@AB@AC@CA@@A@@A@AAA@C@AA@@A@AA@A@@@@@@B@@AF@B@@@B@@@BA@A@A@@@@@AA@A@EAA@@@A@@@C@A@@@A@AAAAE@CAA@@AA@@@B@@ABADCBABA@@@@B@@ABC@A@AA@@@A@@A@@MD@BA@@@@@CB@BAB@@SLDHGDEBCBCD@AA@@B@@EE@@@@@D@@A@BFCBAA@@@A@@@CA@BDA@AAA@CI@@A@@ADA@@@AA@AA@@E@@@M@A@@I@@FA@EDAAA@EA@G@@EAAgBE@@HC@@HI@BDO@@DE@GD@BDDB@B@BDEB@BHHJJ@BMBA@@BABIBA@@B@JBDBBFABB@HA@@BAHMPOFQJYNQLKAMEKGIGQK@ED@@A@AEEDAAAAGB@@@CCCC@@@@EBA@A@@A@CG@KACDGCGFC@MBE@A@ACCAABBDA@A@A@@B@@AAACE@@AF@AAI@I@BC@@GCC@@JB@DBBB@B@H@DABOJSHOCIEOIIIQESCiCQAA@@AI@EAA@@CIACC@@GAE@@HE@BHC@AFAAEFBDAH@J@BHA@FF@@B@@GBBFCBA@KLAD@HAFCFBLBBH@BFD@@FA@@BAPCHA@@BA@@B@DEF@DV`ZR\\LbR\\VPR@JBD@@BFBABDFCDFFLBLB@BHFDF@BHE@ABAH@FBBBBDBFABB@BBF@BDB@CH@BBBDBDAN@BA@@@A@AB@FDFBBD@@@B@@LBBDLG@CD@RB@CPAHRPRFVBN@PDNNBNBR^PPAN@PGPG@@@@\\G@@F@@@B@@@DJDDPDB@@AAODAJC@AF@DBBFABE@ADAH@@@@F@BFH@EY@@B@BB@@@C@@@ED@DBDLCD@FDAFABB@FB@D@@AAE@@@ADC@@BDBBDADEDBBHE@@DBDD@BDXA@AFAJ@@AJADAJ@BBJDHF@L@@B@BB@LBDO@BHCB@BDL@BBHBDDB@DHHBFNE@DHAB@@EJAACBCDERAP@VFXDLHDL@NCJCJJLZHVHTPHJLFLEZCPGNC\\MTSNIJGJEBANCHBB@BAAEBAL@BBBBFAB@BDHAD@BFHABBDBBBFAFAFAACB@HAL@DADCBG@@E@@AFAB@@A@@CC@ABADCBA@AAAE@GEAA@AB@H@BAB@BEDG@@A@ACAA@@DE@CAA@@@ACC@@DI@A@A"],"encodeOffsets":[[119269,38684]]}},{"type":"Feature","id":"131181","properties":{"name":"冀州市","cp":[115.579173,37.542788],"childNum":1},"geometry":{"type":"Polygon","coordinates":["@@A@GGCCAEAEHCB@FAHDDA@ABA@E@AD@DADBBBF@@A@ID@D@NI@A@AHAAADAFABDABA@@BJPAFBHF@FBFHLADA@EH@@I@@LAPKLIRSLOLWDQ@QFQ`SZCf@NA@@Z@PAVBR@BJBDDBDAB@CCD@@CDACCJCACFA@@@AEAZAB@@AHBPLTPLAHGBIAKEKCKCK@@ACDOJK@MMMIGIEMEKGIIIIOKMGEIDMHMBOCKEGSGM@WGKEKEOEKEGIEGGOIU@KDMDIFOBSBQFSBODQJGNAXIRAV@N@VIFKBM@IEKSISASAMDMAQOKIMGK@O@QDMBMFKDKFGL@TCLGLORKLIDQJMFUFKBQBOB_DQDOJORIRW\\IHKDMDQFYHWRAFFHJJLDPB^AhBD@@@@@D@RBLFNDLBBDDDCDIBBHAFCFC@@AASGBO@AD@DBBJB@DDDH@@@@D@@@@G@A@AC@AA@C@BDA@EBC@DHLBBBBDADE@A@@CEAM@@FI@BJ@@B@@@BHA@@BDFJAD@B@HEHAF@LB@KC@AAAAAEBADCD@FFDAJ@@@IFBFHA@EF@NADBBHJAD@@D]F@BBFA@IB@FAAAE@CCCGA@HB@DA@HABA@C@@@AAAB@FE@@FGAA@@HEBBDI@A@ATEFUDKBWFIFINEPI@@MAMAQFIBGAGGCGFIPCBEFKHMHILUROJMHMFKDQB@@@BG@]BWBWGSMOOMEKCSCOBGJFLHNHP@F@@CBCG@AABABADAFDHEJCBEAAD@B@BABCBC@ABC@ABFDH@B@AFH@BDHBHBBD@DBRFRLNPJPHTFVCNCF@F@HBBGDC@AB@HAHABAJDDAFCDA@ABCBA@@PADBD@B@D@BABF@D@BGB@FDLD@BBBFCB@BDL@FBBF@VAD@@DBD@@BB@@BFBB@@FL@BDD@F@DKLGB@HBD@BHA@HBBBBD@HDFBBDBPDBHDLCBAfGVCL@LDHFB@DA@BBHAF@@E@GFAB@HODADABG@C@BFF@FNH@FA@AJ@DA@A@EB@L@@G@A@AJAVEDABJBDF@FABCL@AC@@HA@CN@@AC@"],"encodeOffsets":[[118209,38628]]}},{"type":"Feature","id":"131182","properties":{"name":"深州市","cp":[115.554596,38.00347],"childNum":1},"geometry":{"type":"Polygon","coordinates":["@@ROJQDQAKAQ@ODOJI`EX@hDTCP@TAN@NGPELALFJJLLHH@@@BB@NB\\APARBPDLDHJNHPJdDPBPANB@ABAFAH@BEJ@@GD@@@ACBA@@BBH@AEL@BAN@@IBEBEC@@UQBAACGE@ACEBACGBCCAC]GAABAAG@CD@BFFA@@EM@@ACEKEBA@@@@@GSCA@@CBEBE@@A@E@@A@E@@GA@AGE@BA@@PCB@CCNADCBABEAGB@DEJCB@AM@@@@@@GDCKYD@A@CC@AIAEMACCAC@GA@@ABCH@@CF@D@B@AADCB@TB@BD@B@@@@@F@@@@@FDBCD@@BBBDA@CDCD@ACBCAAAGACA@AAABGA@G@CLE@AIEC@EABAH@@AD@@EH@@AECG@@CA@I@@EC@@CE@AGAMHGLGCK@@@@@EEIIKICOESIIQGSAUCQ@OFOJOUMKCM@M@YDKBMAKEKIOEQEI@@@@@OAY@O@UHGJCBBDEBGBBH@HCBG@C@@ECCAAqH@AAA@HMAC@@EBCC@AAAMDC@CCCAA@@@EAC@OFMHQ@QIMkIWFA@@A@CCBAQ@ECAC@@@A@EF@HBL@BD@@D@BCBAA@AA@E@@FA@GBA@AAAGC@@HC@@B@LEBUDOAK@AAIOKBCTABIBBBA@AA@@[DEACC@EE@AIIB@IA@E@AEE@@EEACA@AJBDBDAHCBEBMJABAV@DCD@Z@FABA@CDABS@OAKAAE@AD@@EAKCEF@HC@BLAB@@I@GA@IDABCCMACI@A@@DODABAD@DBDD@@BM@@DGB@@BDK@ADEBE@ACAICBUFIB@B@B@HK@A@@F@BCBI@@BEBG@EME@AEA@ACQDEBCFBDMD@DBHADG@ABBVDADDDDHABBD@DEB@@DDBB@BD@HD@BFHA@H@BABGHABAD@@YBAPA@@FDRABADBFDLBFB@FABBBDBLBPCJ@BB@BB@B@LBFB@F@@DB@HB@GBAF@AJB@Z@DBABAFF@BH@JEJBD@B[BCB@DWB@@EB@FBJD@@B@NF@@R@DD@HCJBHBFBDDBBCBDLB@D@BBBNDGBCVAH@DDDFBJ@DCA@NBABBANL@HBHALG@CFA@@NCBDH@DBBBDLDAHPFAFDBFA@EBGD@J@JBDBFEDOFEB@BBH@DC@BD@DDDDBJBNBHACFBFE@A@ABG@@B@DE@KBACCBE@@AAAAB@@@DC@@BD@@BAH@DH@BB@DHADBDBDDAPABE@@DBB@DHALBBBBHBDCJFNBH@@D@BDBL@FG@BDLDJ@BBBHDDH@DL@DADCBC@IBBFCBCBE@@HE@BCA@A@@@ABA@A@AACC@@G@EB@HE@BHFXBR@T@PCNKNORHNRHNBLBPF@@@@@@\\NNDbBREPCRGNIPIDA@@HALG"],"encodeOffsets":[[118334,39078]]}},{"type":"Feature","id":"131128","properties":{"name":"阜城县","cp":[116.164727,37.869945],"childNum":1},"geometry":{"type":"Polygon","coordinates":["@@BMAABIBOAABE@OCG@ADE@@@CGGEK@GACEG@AAEAEAIACIGAC@CBG@ACACACAAAAE@C@CBCAAAA@@EAAAAA@A@ADC@C@A@ACAC@E@C@AA@A@@@ADCB@@ACA@AA@KEA@CC@EAECE@C@ABEBC@AAACAGCA@AAB@HEFGBAA@AAC@CBIBCBAAECC@KFA@@@AA@G@@A@@@EBCBABCDEDA@A@AA@@@OAC@A@@BCBAD@FABA@@AAGI@@@AFA@A@@AEAC@C@@HABABAACACEGCEEG@@@BA@EB@BF@@@AHCDCBK@GBA@BDEBEBEBAACAAAGBAEC@GBACA@EBAAAAK@ABBFABA@GAMDABIFIHMJST[NMDOHYDKFKEGISOUGYGIKDIDI@MCKKGWCUEO@QBCFADBDIB@FA@GB@CMFAEGG@CCAACAG@ACK@ADAAGP@AC@KAAA@@@@KGEICAAI@CBIB@BI@EB@BWBACC@AC@CF@AGCACFCBAAAC@@CD@B@@BF@BC@A@@EAAEBCB@EDCCKCAC@@F@@@D@@AAA@@@FZG@AEE@@@@@BGBCF@BAAECAE@@BIDCBBP@BA@OCCCCI@@A@@@E@@@[H@@@@OHOHPHJJFFJPDDB@FABBB@BB@D@BCDEBMBEBABABAFCFA@GDKFABCDABADAB@JBLHJHJJLHJ@BCDID@BEFKBAAEIEECAIBA@@DC@A@CCAGE@@DA@AEAAEBC@AFCDA@C@@BB@@FFD@FFDBDFCACBA@@BFD@@CD@DBBDL@HB@@@DABMBDLIBBH@BC@AF@DFDCFH@BBB@J@TLL@R@^Fh@THNLFHFVFPFNBNFJ`HPEPELGJGLEL@dJFJNBLETBRD\\NNHRLHJJLHLFLJLJFXNNDT@T@VCXENAPETAPB`DdBLB@@@BB@BDBNNG@CAAAGBAH@DABHD@@BBDAFDHBBFAAGDAHABE@@FCDABDD@BFHBACLAB@@BBBDBHBBA@A@AB@LBJBJ@BBJAFBB@b@"],"encodeOffsets":[[119361,38933]]}}],"UTF8Encoding":true}