{"type":"FeatureCollection","features":[{"type":"Feature","id":"433101","properties":{"name":"吉首市","cp":[109.738273,28.314827],"childNum":1},"geometry":{"type":"Polygon","coordinates":["@@GL@BBD@D@DCD@B@DDD@J@FEDABAF@D@D@BA@@@@@AA@@A@@@@B@B@F@BE@EAE@EISJGAGCIB@LEDKBMDO@KBE@CBAAC@E@A@CACCAAA@M@E@EAAAAA@@BC@A@AAACCIECCACAAA@E@CAA@AAAE@AAAA@CBABCHADCBC@G@C@MEEACEE@C@E@ABC@C@CB@@@B@D@B@FER@D@DBDBBDBD@P@FBBB@B@BA@GBE@A@ABAFCDKAABAFALAD@BBDLBTHFF@FCHCB@BABA@ABE@A@ABBBBD@@BBABABGBEDCDADAD@F@FAF@H@B@D@DAH@B@BDBDDF@BBDDDDDDBDBJDFBD@BA@ABA@EAIAE@G@CT@PDHBB@B@BMBGF@BBDDDBDAFEFAFAD@BFBN@H@HDHHJ@B@F@B@D@DADAFCJE@ABA@ABAD@FCDAB@B@DBDBB@FAFCBABAJADABABC@ABA@AB@B@B@D@@B@B@BB@BDBB@DBDBB@BBBFDBBHEBAEOBCDAFBB@@@BAB@B@D@BBBBBD@B@HBBBBNJBDB@D@@C@C@ABAB@FBDD@B@@CBEBAB@@BBB@DBBBBBBDBBDD@B@@CAA@A@@BAF@DA@EAC@A@CDABABBDBDDDB@@BJ@HBFDBD@JDD@@DBBAD@BBDDBDFFDBFBD@FBB@BBNDFBD@FBJDNFDBFDDFFDDBF@D@FAFAD@D@BBDBDBDDFBH@F@DBHBDBF@F@RED@HBBBB@DABAB@BBDBBBD@B@HAFCB@B@DBJBFDHHHHHNBJ@FCF@B@DBDDBJDHBF@DBBBFCJ@DCDGDCBCB@D@B@LJFBFBL@FCDEHMFEDID@VJB@H@HABADAD@B@D@B@@@BAAAAC@ABCAAA@KECCECAICEGY@IHEHGHCNCLCJCLCNBPBLHNJD@DAFABAD@B@BDJHDBH@DBFDLJHP@DBBF@D@DBB@@HDDDBD@HAJAHDR@FBLADBJHBFD@H@F@H@FADADCDCBC@ABC@CCC@@CA@@@ABABAB@BA@@@C@A@AAAEEAA@@C@E@C@A@A@C@A@A@A@CBABAAIEAAI@K@AACACEECCCCAACAMAQ@K@K@EDGDENKDC@A@C@AAGGKACAA@CBCBCBAD@BA@CBA@AAA@@@@AAAAI@@AA@@@@A@@BABADAFC@@BA@A@@@AA@AAKAC@@AA@@C@A@@GA@A@AAEAAA@CBAAA@ACAE@GACCECCAAA@ABCBGDGBMLEBC@A@AAAAACAAC@CCCCAAC@C@IDC@A@CCACEEECECCAAAE@C@A@C@CBCDAD@BA@A@A@CEEECACCCCC@A@GBCBC@CAA@A@EBCBGBA@@AAAA@AAE@EEGOCAA@EAAAGKOSAC@G@EBEFGFGBA@C@ABA@A@C@AAEGGAA@CBCBC@A@CEGEIAA@C@ABADA@ABAAAAE@ABCBE@AACAGCECAC@E@EBI@E@AACC@CAGACECEAE@C@EBEB@ACAAAC@A@E@GDIDC@ICC@G@E@AACACCEICACAEA@@@@GCG@C@@@ERADCBC@A@IACAA@CBAFEHABABC@C@AACEACCACCCAC@A@@BAFBJAD@@IJ"],"encodeOffsets":[[112332,28837]]}},{"type":"Feature","id":"433123","properties":{"name":"凤凰县","cp":[109.599191,27.948308],"childNum":1},"geometry":{"type":"Polygon","coordinates":["@@H@F@JBFBB@BAB@@AACCEAIACCCCCCCAAE@CCCA@A@ABG@C@C@A@GBE@E@EBCBCDCFCHABABAAA@@ACAABAB@F@BAB@BA@ADADG@EEESGKAAC@ABCBKBEBALBDCBEBAB@F@HAB@@A@AAAEAO@C@CAAAAC@C@CFQ@E@A@C@A@@DAD@D@BAF@D@F@DFFBNFD@H@D@DABCDGBADAB@BB@BBFBBB@DBF@B@BBBDDDJFDDBB@B@BAD@@BBBBFBF@N@B@BBDDDBB@F@D@BBDAF@LAP@NCLAFC@KJAHDHBTIFJF@FBF@@A@E@A@A@@B@@@BB@@@@B@@A@C@CBEBAFC@E@ICC@C@ADC@C@CAC@AHKG@EBC@C@EAIEECCACIEMEQEEECAAAC@ABARIJC@A@A@CECGC@C@IDKFEFCHAJ@DBDBDDHBHBDDFBB@FAFCJED@D@FDDDDDBDDDB@DAHADAFAFAD@BAHGD@D@HDB@F@B@DADA@ABCFIBCBAHBDAFAL@F@DBDA@A@Y@CDEJGDCDC@E@GEIGMAEACEEC@EAECEAE@G@I@WEKCABEBC@C@A@AAA@CBEBCBAAC@ACAC@C@ABAFABABC@AAACECCACBCDS@C@C@@ACECGCC@A@C@@@AAAECACE@EAC@CDCHMBC@CACCAGACAAACECAECC@CAAECCA@A@CBC@C@C@EAA@AAACAEACEAEEACCCA@GAGACACEEG@CBE@C@@AAC@E@CBEDC@C@A@CBGDEBAACG@E@CA@@@A@AAA@@AAE@CAA@QAGBCDATAB@D@@C@EBCBAFEBC@CAAAEACBEBEHEDG@IAESOWAC@AACC@CBAFADA@A@AAAGECACBCFA@A@@@ACCIEKCEECA@C@CDAFABABC@C@ACCAA@ABAB@BABCBAAA@A@CDEBA@IEAAAA@EAAC@C@A@AACGGKIEGCC@EDAFCHCBEB@FBL@JAFC@A@CCA@C@@BCBCBAAECCEAIAAAAC@A@ADABSIIEEGCCCCCAE@EBABADBHDJ@FADEBCAI@I@CAAAEEEIAE@ADADCDEBIBC@C@ECAIGGECECECIAEACKGGA@ACCEACCAA@CAIAECEEGGHC@E@KCAA@AAA@@C@A@GDAB@BADA@@@A@AAAAA@C@CBA@MCE@C@EAC@A@@D@D@BD@JFFHDFBBADABEDKBGBA@@@FHBBAB@BABAFBJABA@CBEBEFGHABAB@B@B@BCBA@A@E@E@A@A@@B@@@BBB@@@@ABG@AB@BBBDFHHDB@BA@CBC@EAA@A@A@BBBDHHHDD@@@BBA@A@ABABABBD@BDDDD@FEH@HBHJRBD@DCDADGHMLIHCF@DBDDBHBHDBB@BABC@I@E@EAAAC@@@@DBB@D@BCBCDAL@FDNBHABCHGHCF@DFR@DADADAF@DBDBDADCFCD@FAH@DCDEHAD@DBJDFDDF@H@B@BBBB@BB@D@B@@B@B@B@BB@BB@BAHAJAFBDBBJFNJHFJFDBH@L@JBF@DBB@@B@@@@B@@B@B@@@B@@@B@@BB@@@BB@@BB@@@@B@@BB@@@@@D@@BBB@@B@BB@@@@B@@@@@B@@@B@@B@BB@@@@BD@@@@B@@B@B@BB@@BB@B@@@@DADCBCDCB@B@BADADCBEBGFABADABC@G@EBADCDEDKBE@AAEGCKCICICAGAIAGCCECEACE@C@C@AF@HBJDT@NDN@NDJNNBF@DAD@HBJ@FBDFDJJHHDL@LFJFFHHBHAFCV@FD@DDFDBP@FALLJBBF@DBB@BBBDBBBBB@BAB@BC@C@EBEBAB@DBBBDBDBDBDBB@B@HAF@DBF@JBFBPBD@BADADAH@H@BB@@@JAN@BB@BBFD@BBD@D@D@B@FBJDJBHBBBBHBHBD@D@DBFDDFDD@B@@AB@B@BB@B@B@BA@AB@B@B@@@BB@BBDFJ@BAB@BB@@BBBB@@BBB@D@B@B@BA@@@@BB@BAB@D@B@@BB@BD@BBDBBDBDBFBH@F@B@B@BBB@@BA@ADAD@@@@@B@@B@BBD@BBBDDFDDFB@BB@@BA@@BA@ABB@@BB@@BBA@@B@@B@@@B@@@B@@@@BB@@B@F@B@BBD@BBFDBF@B@J@N"],"encodeOffsets":[[112147,28995]]}},{"type":"Feature","id":"433122","properties":{"name":"泸溪县","cp":[110.214428,28.214516],"childNum":1},"geometry":{"type":"Polygon","coordinates":["@@HCFEDCDEBE@CCKCI@C@KBGHKHGFCFARUJKDEFAB@BBBHBDDDDBDAFAJGHGFEDAFAHAF@BADGHGFIJAF@F@FBD@DCBC@EBCFC@C@AACKIEECAI@GAGAEEAKAKACAAAAC@@C@M@MFIFGDG@CAC@AA@C@G@A@CA@A@CBEBCFEFGBA@@@AAAA@@A@ABADCBCFCNEFAFAD@B@B@@@BA@CDI@ADAD@B@DBBAFABCD@BBD@B@LEFAHEBCBAAACA@@@ADGHKBICKACGKCCCAE@G@GBEFEFABA@KCY@G@AAAC@EBALCFEBEAKAEAEIEQGUGKI@A@CBCFCLIHEDE@GACCCEA]CQCCAEC@C@A@CDCPKNGBCBCACACGGGEMECAE@K@cBK@E@CAAA@CBGDODCFGFGDCTKFCBC@CCA@C@ABC@A@AAACBA@AAAA@A@C@CA@G@E@A@A@@@ACBADCDGDEBEBCAA@AACCAAACAE@A@A@A@@AAA@CACCECC@EAS@A@A@CACCACAACEGCCAAICE@E@C@A@A@AC@CAAA@A@CBCAC@GACAEGEGCCECG@C@AACAAC@CDCBCBE@CDEBC@C@ACAEEAC@C@CCCCEGCcQI@CBGFIHIHC@AD@DDJDFAFADEDGBEHEFEBCAIGIGC@AB@D@FBPAFADEBCBABADCBEAACACDC@CACCACCC@C@@B@D@FADA@A@E@CBIDE@ECECC@C@GBECCCAA@CB@BC@AAACACA@EAEAAE@CBEBIDEFCDK@GBKTCDIFKFEFGHGBKBK@C@CB@BHJDFADGBI@OAE@GEEAGAI@KAE@CACECAA@ABAHGLELCDEBE@BLDBHFFF@FAF@JBHBFB@DDFDBDFFBDBFHNFJ@H@FCDCDIHCF@D@Z@BCBCAE@K@EBCBGAABADEJAD@BCBCBA@E@A@GCC@C@GHABC@EBEBCBGBCBA@CCACCCCCECC@C@IFEDEBA@EACCGAGACCCACAI@GBEDEFCL@J@DHDFD@D@B@BIDQJAB@BBDBBFDFFFRFNDJDBFDJFFBD@D@FAH@JI@@BCAIBE@AB@D@DBDDDBBDDFBBD@D@BABAFGBEDAB@DBJBB@D@DABCFQ@@D@H@HD@@@@FBDBDBFJDDDBBBF@H@D@JDD@JCHCF@B@D@BBDB@BFAFAD@F@FBFDBDBH@DDDBBF@J@FAF@D@DBDFBHBD@BAFAD@BBFBBAB@BCBAB@B@DBBFJFH@D@BADAD@DBBHHBF@B@D@BAB@B@DABEHEHAF@F@HBDPTHLBBFBB@DBHPFFF@BBB@BB@BB@HADAFAB@B@DBD@DAHAB@D@DDDDDBFFDFB@B@B@@ABCDCDAD@B@D@F@BBDBFDFDFFBDDDB@D@JCD@D@BBDDDDD@BBBDBBBBB@D@FANKHAHCDABAB@BBDDDFBD@HBFBDB@BBDAB@BBBF@B@BHB@@@B@DB@@BD@LBBBB@@B@@@BAB@@EDCBABAB@@@B@@B@@BJ@BBBB@@@@BB@BAB@DABC@ABADAD@DBBBDHLBH@B@D@BCDMLCFCH@F@L@LBRBNBDDBDDFDDFDBBBL@J@BBJFBBBADAB@B@B@D@B@B@D@F@D@@@BBFFBB@B@B@D@@ABA@ABABD@H@DBB@BD@DAFBHBHBDDDBDdHL@RB"],"encodeOffsets":[[112746,29136]]}},{"type":"Feature","id":"433126","properties":{"name":"古丈县","cp":[109.949592,28.616973],"childNum":1},"geometry":{"type":"Polygon","coordinates":["@@AMCOBKBKAGCO@GACC@C@GBCBEAKYCAEAABCA@CAEBE@G@ACAC@GDCDEHCBE@EAEICEAKEMAEAEBCDANCHCHCBA@AAAEAEA@CDKBKFGBA@CAC@CFGHO@CEKKCGEWDADCJCFCBCAE@IBKAA@EPIDGBC@EAISAKAI@MD]@OEAQAECCEBGAKCDIBCFGFCHABABCAAEECCIAICGACACCAE@CACEAODA@ABBBDJ@DAB@BABABC@CBEAGBEBE@EAAMCEQAK@cGACCCACAGAGBE@CACA@CAG@C@@B@@DB@@DD@DAD@BADCDCDCBEBG@E@G@C@AEIGCAKBEAQ@GCIBGBC@CACC@GA@CAC@E@AA@CGOKIECCAG@CAIGACA@C@ABEBCBC@MIKGOAMAKDIDKDMDGDGHGF@JHZDFBJFDDDLFB@BBAD@BBDBBAB@@A@C@A@C@CBABGBG@A@UIC@CJEFGNCFEDK@EAEAKIA@C@A@ADCDCHCDI@EDDLFJDL@H@@@@AJ@BCBCAEAC@@@CBC@C@CACAC@CBCBADAD@DA@CBA@@@@A@AAAA@GFGJ@HAL@LBJDJDDJHJHHHDFBH@PDJFHDFPNDH@NDJBFDHDJDF@JGHCNEJGPGJKFIBKBOAGC]KICEACBCBEJGHAB@B@@@BDB@BBBBDBLBF@DA@@BABA@CBAB@@AB@B@DBDBDFHLL@B@B@@@F@D@BBD@@FDFDFFLJFDBD@DADCFEFFFHHDHDBHDTJXJZPNFFBHBJAH@JBHBH@NALALCBABCBCBCHGJIFEBCDAD@DAD@JBVJNDDBB@D@@ADAJIHEHCFAHAHCFCDADCDEDEDCFCHELCJAF@F@HBRHD@H@FBD@BBDF@B@PBJ@DBDDDB@FBF@JAF@B@DBDDDFHJBBNFRFDBFBF@FALCXIXKNGRMROHCHCNCPCN@N@TDNDD@HBF@HAFAVK\\QFAFAF@FAD@DBDBDBFBFDFBHFJBH@D@B@D@HB"],"encodeOffsets":[[112922,29405]]}},{"type":"Feature","id":"433125","properties":{"name":"保靖县","cp":[109.651445,28.709605],"childNum":1},"geometry":{"type":"Polygon","coordinates":["@@VEFAFAHEDAD@DBFBB@B@B@DCDAB@D@@@BABAB@@@B@@@DCB@@AB@B@B@BBD@@@B@B@DA@ABABA@A@@BAB@B@D@B@BADABAB@B@B@BBBBB@@@B@B@@@BBB@B@D@B@DBFBB@D@@@B@BA@AAA@@@AB@BAD@@@BA@AA@@AAAAA@A@ABC@E@ACEAC@@@CBA@@AA@ACAECACBCBAFCH@JCLEJGFGBCBGBE@EAI@EFKDCLIFC@C@C@A@A@@B@D@B@@@B@@A@CAA@G@A@A@AB@B@DAD@BCBAB@B@BABABA@A@A@A@ABABABA@AAA@ACAAEACCCAAAAEACAC@A@A@@@CCAAA@A@AB@@A@@A@A@@AAA@ECA@@A@A@@BAB@@BB@B@B@BA@CBAFCFCDG@C@CAIAE@CBA@@FAR@HAHCLCFAFALB\\DPBFEDEBC@CACECKIEEECEC@@AC@A@C@E@@@A@AKKEGACAC@C@ABA@@BADAB@BA@AB@@CAEAKACAA@ACA@A@@@ABAHGFIDADAFBJD^LHDPBLAJALEHIHOFIDMHG@ICECICGAECI@MCGOMCEEGCI@OAGCEGGIGIGCCCIAI@KBK@GHIHEB@BB@B@B@@B@DAB@@CBCBCDADAD@DBDBD@D@DA@@D@FBDBDA@ABI@@@@@GCKEICKAACAE@GAICCAAC@C@ADE@EAIGMGGGGECIACAA@A@EDGBA@C@AACAAAA@ABCBA@AAGAC@QFE@E@CAGACAE@G@EACCCACAAAC@C@EBEBC@E@CAECCEECCAMEICEAC@EAMCAAA@EAC@EACAEEACCCAAC@ABABABCBA@E@GAI@E@ADABFBLBJFNJ@@BDDBDD@F@BCFIHGJCDCBC@IBI@C@C@CBAAAA@AC@A@E@A@AAAAA@A@ABAD@BBFBFAB@DCBGDEDCBIBC@KAE@CACA@@AC@CAACAC@C@ABABCDAF@B@DBD@B@BCBEBCBAD@B@B@F@B@BEFGHAB@DBD@HBFFDDDLHFJBHDNFH@D@F@P@DBFABADADGHCJ@FBDDBFBRBJAF@BBBD@JBFFDFBDDBBD@BAD@D@BADGHAHALBJAB@BBABA@CBAB@BBBBBBB@BAF@RAFEDGDINCDGBEBCDAD@DDFDF@DABG@CAACCGCACAGBEBEFCBIBA@EDCBC@CAE@ABCBEDABE@ECEAEECCA@C@GAE@EAGCCAGEIGCAMCCAAAIGEEEAA@@@AB@@CD@BA@AACA@@@@A@@BAFABA@CBA@A@AACCEEECCAAAA@A@ABKFEBIBEBC@C@C@KCA@A@A@@BABADABABABEBC@E@A@IAIAEAKAIAAAA@AAAA@EACAAA@GCEAE@G@A@A@@A@ABKDK@AAAAAAAAAAAAC@AA@A@AAE@AAAAAEA@@@A@@BCDABABA@@@AACCCCA@A@@@ABCHA@ABAAMEAA@@@@@B@BFHBD@BABADILADAB@@@BA@@@@B@@@@@@@@@B@@@@@B@@A@@B@@@@@B@@@@@B@@@@B@@@@@@@@@@B@@@@@B@@@@A@A@@@@B@@@@@@A@@@@@@@A@@@AA@@@BA@@@@B@@@@@@AB@@@@@@A@@@@B@@@@@@@@AB@@@@@@@BA@@@@BB@@@@@@BA@@@@B@@@BA@@@@B@@@@@B@@A@@B@@A@@@@@@BA@@@@@A@@@@@AB@@AB@@@@@B@@@@B@@@@B@@@B@@B@@B@@@@@B@@@@B@@@DB@@@@@@@@@B@B@B@@AD@@BB@@@@@BAB@BABA@@B@@A@@@@@@B@@B@@@@B@@B@A@@@@B@@A@@@@@@@@@@@@B@@@@@@A@@@@@A@@@@@@@@BB@@@@@@@@@@@A@@@@@AB@@AB@@@@@@A@@@@@@B@@@@@@A@@@AA@@@@A@@@@@@B@@@@A@@AA@A@@@A@AB@@ABA@@@A@A@A@AA@@AAEGAAA@@ACEAA@ABA@A@@A@AAEBEAA@A@@@AAAAA@AAA@AAAAA@AA@@A@A@A@A@A@A@A@A@@BA@ABA@@BAB@BA@@BA@@BA@@BA@AB@@ABABCBA@@BA@A@@BA@@@A@A@@@A@A@@@AAA@@AA@@A@@AA@AA@AA@@AAA@@@AA@@A@AAAAA@@AA@@AA@@@C@C@AA@@ECECEGAA@@A@@@@@@B@DAB@@KHEBEDABCB@@@B@@@@DDBB@@@@@BA@G@A@ABAB@BAB@B@@BBNHDD@BBHBDBDBBDBD@FAB@BBJF@@DB@BB@@BB@B@@BB@@@BBB@@@BBB@B@BB@@DBB@@BB@@@B@BBB@BBB@B@B@BBB@B@BB@@B@DBB@BBB@B@BB@@BBB@B@BBB@BBB@BBB@B@BBB@@@BB@@BBD@@BB@DBB@@BB@B@BBB@@@B@BB@@BB@@BB@@B@BB@@@B@@@B@B@@ABA@@BAB@@AB@B@@ABAB@@A@@BA@A@@@A@ABA@@@A@@@ABA@@BA@@BA@@@@B@@AB@@@@AB@@@B@BBB@@BB@BBBBBB@B@BBB@BBB@BBDBB@BA@@B@B@B@B@B@@BBBAB@B@@@BBB@B@@B@BBB@BA@@B@@@@@@B@@@BB@@@@BB@@BHD@BB@@B@@BBF@@BB@B@BBBD@BB@B@@@@B@DGDCFBFTNBF@D@FADABABA@ABC@@@ABK@K@CB@@@@BB@B@@@@@@@B@@@B@@@B@@@@@@@@A@@@@@A@A@@@@@AB@@@@BB@@@@ABA@AB@@AB@@@@A@@A@@A@@@@@A@@BA@@BA@@@AA@BA@A@EB@@CBA@@@CBA@AB@B@@@@@BB@@@@@B@BAB@@@@@B@@@@B@@@BA@@@@BBB@@@@AB@@@@@B@@B@B@@B@@@BB@BA@@B@BA@ABADABA@@B@@@@AB@DBBBFDHHDBDBDAHAD@FBD@BDFFJRDFDBDBHAB@D@BABADIDEBADAD@NBL@PAXAF@F@DBDBHHLHBDBD@F@JAF@BBFDBFFFDDFBHDJPXLLHFJFHBHDHBFFFFJLBBD@B@BAFEDKBEDABAB@DBLBD@D@FCHEDAF@H@B@@@@FADEDEFAD@D@B@@DALEFABCB@B@BBDDBBB@D@B@BAFGBANGLEBABCBEBCB@DAFAHCLGNIB@D@B@FNDFFVNZNfJJLPJRRV"],"encodeOffsets":[[112222,29606]]}},{"type":"Feature","id":"433127","properties":{"name":"永顺县","cp":[109.853292,28.998068],"childNum":1},"geometry":{"type":"Polygon","coordinates":["@@BK@ICMOeOEK@EBA@G@AAAAAE@A@CBCBG@C@AACOMCMAODKJIDQBEJIFMFS@QAODGBCBADEFADADBB@BBBBB@B@B@F@BBD@FAFAFCFCFALDFFFHAJDDFBFBDBFHHJDDN@HCFEJGFEJ@BBDFFJBBB@F@B@DBB@BADA@@DCBA@CBC@A@@B@@AAA@A@@FGDEBADABABA@A@A@CBA@@B@DBBBBBB@D@@@BAACA@AACACEAAAA@ABADADABBD@FBDAD@DAD@DABABAB@D@F@J@H@F@BAD@B@BA@ABCBEBC@C@AAAACCE@AAA@AAAC@ECAAAAAEAE@GAE@A@E@ABCDAJCDABCBAD@D@BBF@BBFBDDBB@FDDFFHBBBHBD@D@B@DBDDDBJB@ABE@OCEAOEW@MBEDCBAAA@AFGJEH@HFFDDBH@DAHCDBFDF@DCDEEK@GHGDG@GAGKM@@CCCEAIACCGGGAA@@B@F@B@@A@AAAKIAAGAAAA@@A@G@A@ACAOICAAA@EBOBGDCDCFCB@D@FBDBFBJ@NAPGVIJGFEDG@CAUCEGM@G@EB@JATETCLG@EBAAC@AHKDIAEIAMEKMGCAAA@G@CAKQUYGGCWCGAGBK@GBI@IAIAMMOECYEM@G@GDIFKHCBC@ECCCAG@IBGDMAMCKCCCC@E@IACAACAGAC@A@C@G@IAGEEAECEACACACAC@EBE@EBEB[RULEBGBE@GAC@MCSCM@M@ODMDGDGDQPQNMHWLWJKDEBE@EACAQEMEAAGICECCCAA@E@IBE@EAA@CCAC@CAI@O@ACEAAC@EAG@C@QGGAE@E@IBKDGFEDCDCFCFCDCBEDGDGBEBGDGFIJCB@BC@A@CAMCUIIAC@CBC@CBADEFIJGHADADADABKDKBMBG@GAIAG@IBGAEAMEYOWISIGCCACGGGEEOA[CKAEBEBKDGDGBQ@EB@@AB@DBFBJ@D@DCHEDEDAB@DABA@A@A@@AA@AB@@@B@BB@FDB@BB@@@B@BB@@@BAB@B@BBDD@@B@B@D@DBFBBBBBDDBDBFDB@BBB@BABABAB@B@B@B@BABABABA@A@ABADC@CBA@A@@B@B@B@HBB@D@BA@@@A@C@A@@@@B@B@D@DEDKJCDEL@FBJ@FAFAHADEHIHKFIDG@EDABADBDFDDB@BBB@@AB@D@@BDDF@B@FAD@B@BBBBB@BB@@BAB@@C@ABA@@B@@BB@BABA@@@C@A@EACAA@C@A@A@AA@@A@A@@@A@AAAAA@A@A@ABCBABA@C@A@A@AB@@@BABAB@BCBA@A@@@C@AAA@A@A@@BA@CD@@A@@@A@ABAB@@C@A@CBCDA@A@A@EACAC@CBGFEBEBUFLPFJHJDJBJDJFJBNBLDNHX\\BXDL@NANAPAtBTDVDJRLDFBVDVBLBHDHB`L~DJARBHBFDFDFFFHHJJTPFBD@B@DCBAD@D@DBBBDF@DBFBDB@F@FAD@FAHBF@D@H@HDXP\\`NLHJFFBD@DDBD@FDBBAHELCHQRHL¬PNPLPL´¦FDHBH@L@JELODKDKJqJKFI@GKUCE@GDGJCFCFEBCDK@KKICECCOECCGAAA@A@AJCVEPKPOFCFCDALALAJ@NAFARMD@DADBVPRP\\VRJJFHBD@D@DABA@ANCRIPILMTY"],"encodeOffsets":[[112756,29993]]}},{"type":"Feature","id":"433130","properties":{"name":"龙山县","cp":[109.441189,29.453438],"childNum":1},"geometry":{"type":"Polygon","coordinates":["@@JEFCH@HBLFJFHBJ@VAHADABEDEAECECA@A@EBEDG@CHCHCHAFI@AECUMQKSQAC@CA@CACBE@ECEGAA@CBAFCDEHMJSFOBAJIPGFK@EDABAH@DABC@C@EBGBEPUPSFEFEBC@CAC@C@ADCDABCBG@E@ACAEACCIIAAAI@AFCLIXYHCDCHIHS«GKRQDGFKBGAAECC@CA@CACEEGIMK[_WOGCG@C@E@GAEBC@EBE@A@ACAE@CCEAACAC@C@ABCDA@C@EASOIIGGEECECEAEAGBQCIK}A_CGAGAKCUAUCEQKCICUASBsBOBM@MCKAW[GWCMAKAMEICIAICIGIEIKOQUIQKOIIMeMYEUCEEMA@C@A@MJKHGDEBCBA@ADAFADABKFMHABEHABA@C@A@AACCAAA@A@ADEBKFCB@@@A@CBCFEFCBC@E@@A@G@E@CBGFEDC@C@KACAA@ABCBAFCLEFABA@C@AAIKEEEEGAGCGAIEGEKKOWCIAGCEECEECAAE@ABE@I@EACACKGGGCACAE@E@WBOBK@MAC@CBABCFCJABABC@A@GBCACACEIQEEACC@EAC@GBCBCACAGGECAACAA@@B@@A@@@ABCBAB@BABA@@@ABA@@@A@A@CBA@C@AAA@A@@@A@@A@@AAA@ABA@C@ABABA@@BA@@BAB@B@@@B@@@B@BBB@B@B@B@B@B@BBB@B@B@@@B@BBB@@BBBB@BBBBD@@AD@B@B@B@B@B@@@B@B@B@B@B@@EH@D@HABADAD@B@DBB@BBBB@@B@@@@@BAB@@AB@B@B@B@B@B@BBB@B@B@@@B@DBB@B@B@B@DA@@B@BAB@@AB@BA@@BAB@@A@@BA@A@@BA@@@@BBB@@B@@@B@@ABB@@@@@BA@@@@@ABA@@B@FBN@D@B@@@@@BDJBB@@B@@@@@BB@@@@@B@BA@@BBB@@B@BB@@B@B@@BB@@BB@@BB@@B@@@B@@BB@B@B@@@D@BB@@BB@@@@B@@BBB@B@@@B@@@@@B@@@B@B@@B@B@@@B@B@B@B@B@@@B@B@@@B@@@B@@@B@B@BAB@B@B@@AB@B@@@B@B@B@@BB@B@BB@@B@B@@@B@B@BBD@B@@@BBB@@@BBB@@@B@@@BBB@B@@@B@B@B@@@B@BB@@B@BB@@B@B@@BB@@BD@@@BBB@BBB@@BD@BBBBB@BBBB@@BB@B@D@B@BB@AB@B@@@B@B@@@BB@@B@B@BB@BB@@B@BBBB@@@@B@@@B@BB@@B@BBB@B@@@BBB@BB@@B@B@@@B@@@@@B@B@@@B@@@@@B@@@B@B@@@B@@@N@BBFDF@BAD@B@BBBBBDBBBFBFB@@BB@DDFDJDFFFFDDF@D@DABAFAFA@ADA@@B@D@DCF@B@B@B@BABA@ABC@A@A@EBABA@AAA@GAA@CBGBIFOHABEB@@AAA@C@@@AB@BABGFA@ADC@ABG@KAC@I@E@AB@BA@@H@B@D@DCD@BCDABAHAH@BCB@@@B@@BDB@D@B@B@@BBD@B@@B@HCJCFADBFDLLD@@@JCVBFD@F@NCDQJ@BCDAB@BCHAD@JBHJNFBFDDB@B@BABCF@F@FBFDJBLBHADCFGHEFEFCDCBAB@F@FFFNHPHTLvTBBBABBBBBBB@BBBBB@DBBBDBBBDDBDBBB@BBBBDDDB@BBBB@BBB@BB@BBBBB@BB@@@B@BBBBBBBB@@BBBB@B@B@B@@@B@BA@@BB@@BBB@@@B@@@BB@@@@@@B@@@B@BADAD@DBDABA@GBE@AB@DDF@FAPG\\@BBLBHBL@LBN@HBDDDFDDBJBJDHDDBBBD@BADADGBAPCHCD@B@@@BB@@@BADCDCDADA@A@A@ABA@@BBBBFDD@D@DABADABABADABAB@BABABA@@BABABA@ABABA@A@@B@B@B@BBB@B@@BB@@@B@@@B@@@@@B@@BBB@@B@B@@@B@BB@BBDBFDFBDBDB@BB@@DBDBBDBDBD@DAJCBABABAB@B@@B@BAB@@@B@DBBABABCBABBB@@JDDDDBB@D@@ABABABBB@@D@DADGFCDCBADCFADAB@BBBBDDDDDDH@F@D@BA@AD@BADDDBDBBDBBB@@B@B@B@DAFAJEDCDAB@BAB@DBB@BDBBAD@DCBCBCFCB@BAD@DBHAD@D@DBD@BABA@@B@BAD@B@BBBBBBBDBB@B@B@@AB@DABBF@B@DA@ABA@C@C@A@ABABABAB@D@BADABCBADAD@BBB@@@BD@@@DABAD@BADAD@BABADAD@F@DBF@H@BBD@B@D@FBB@B@BDD@BBBDBBBB@@@BAB@@ABA@@@AD@B@BA@@DABAD@D@F@B@B@B@B@B@@B@DBB@DBD@BBB@@FFDDDLBHFTBBAD@D@B@D@D@BA@A@E@C@AB@B@DBBBBDBD@JADADADADAB@B@BBBBBB@B@B@B@BBB@B@@B@BAB@B@B@@B@B@@@BA@A@CBA@A@ABABAB@BABAB@B@D@B@D@BBBBBDAD@B@B@B@BAB@@@B@BB@@BBB@BA@A@CBAB@@@B@@@@A@@@A@@@@@@AA@@@@@A@@@@@@@AA@@A@@B@@A@@B@@@@@B@@@D@@@@@D@@AB@B@B@D@B@J@BAFADCFCBAB@BBDBHDFFHFDDBB@B@DAD@DBBBBDBPDJBRBTBB@D@HEFAHADAREJADAFBFBFBB@B@@A@CAU@A@CHIFEDCD@D@B@DBFDHFDBHBJ@LBXAF@HBFDHD"],"encodeOffsets":[[112349,30324]]}},{"type":"Feature","id":"433124","properties":{"name":"花垣县","cp":[109.479063,28.581352],"childNum":1},"geometry":{"type":"Polygon","coordinates":["@@@@@A@@B@@A@@BABCJKBCBA@AACEG@A@A@@@@BBNFBBBAB@DGBA@@B@B@DDDDBB@@B@BABADC@AB@@@B@BFBBBBF@BBB@B@@BBDBBBBBBBBBB@BCLAL@B@BB@B@H@F@FBHDB@BBBD@FBBBBB@BBJBLBFBJBJBB@F@D@FABABABABCBA@AB@B@B@LDD@D@D@FAJAFALEBAB@B@BBDBFDFFDDBBB@B@DAB@BABE@AB@@@@@DBBBB@@ADC@@BA@@B@FBFFJHBBDBNDDBJHHFDBHDFBF@HBD@B@DDFFFBFDF@BAFCDABAF@DBD@DAFCB@JADAFEFAHADBDBDHBDDBH@BA@CCECE@CBCDCFAHADCJMHCFCBE@QBE@AAAAAAA@ABADAB@BAAAA@IBKAGBGBCHABC@C@ABC@AACCEAECAE@IACAAE@IBQAEACAAC@EDIHGBCBCBAAE@C@O@E@CEGCMAGEIKGCCECAE@GAC@CBAHGFE@A@A@E@A@ABCDAFADA@A@AAC@C@ABEDCBABAD@D@DBBB@DBD@@DBDBF@LBD@JADAFCHCDA@CBAAEAE@ABCBAB@B@BBBBB@F@B@D@@BBBBBDAD@D@J@JAD@DADCHIJGDE@A@ECCCAAC@@MIIEKAEABABCF@J@HBF@B@DABABACA@@CC@IACECGAI@@AA@CCACACBABADCB@D@FBB@@CBE@AB@B@DB@@@ACCAAACAAAACAA@AA@@BAFADA@@@ACCEAA@AB@B@D@DC@A@ACMIAAAA@G@AACAAAAC@A@A@AB@@A@EACBADFPABGFAAECAA@AAAAC@CAAACA@@A@A@AC@A@A@A@@BAB@BADABCBIBABABEDEBA@CACAA@A@CBEDC@AB@BAB@BIFEDCBCBC@A@E@A@I@GGGCG@M@EA@ABCBEFEBEACCCAC@AHENA@A@AAACG@ODS@M@I@AAEECAAC@AAA@E@A@@@AA@@@@@A@@@A@@@AA@@@AB@AA@@AA@BAB@@AB@@AA@@AEACCCEACAAC@AAA@@@@A@@@@BCBCB@@AA@AAA@A@E@G@EACACAAAAC@AACA@@AA@C@A@ABA@@A@@B@@A@A@A@CAA@AA@AA@AA@@ABA@AEIAC@AAA@@A@A@A@@BABA@A@A@@A@ABA@@@ACCCEECCAC@C@GAGAAAAAAGCIAI@E@A@C@CAC@AECAAA@@ABM@I@@AAG@G@CBCBABC@OAEAIAE@CAE@GBA@A@CACACACAAACAA@ABAF@F@DADA@ABA@AAAAACAAA@CAE@AAKICV@HDLHNHJNLFFBF@FADCDAD@D@@B@BBD@FBBBFDFLDHBBAB@DA@EDA@@B@@BBB@D@DBFDNLFDDBJBL@B@@F@D@@C@IAE@EBUFE@CAAAE@A@AA@AAACCEGCAC@A@C@AD@BDHHHDHFFBDAB@@CA@BCBCBEBC@GBIFCBE@E@C@AAEKGEIGECEAKCEACBGBGDABAB@DDFDH@FABABADCBEBCBCD@DADCBABC@C@AB@@@@@@A@@B@@A@@@A@ABA@@@@B@@@BB@@BB@@@@B@@@B@B@@A@@@@B@@@B@BA@@B@B@@BBBBB@BB@@AB@@A@A@@@A@A@@@@@@B@BAB@DCF@B@@@D@@@B@@A@@B@B@@BBBBBDB@BB@B@@@B@B@@BB@@DDDD@BBDBB@@BBB@BBDD@@BB@B@@@B@@@BB@@BBB@B@@@B@D@B@BBB@B@B@B@BABABA@A@A@A@C@A@@@A@@@A@A@AB@@@BA@B@@@@BB@@@B@@@@B@@@B@@ABAB@@A@@@A@A@A@A@@@A@AB@@AB@BA@@B@B@@AB@B@@AB@B@@AB@@@B@BB@@BBB@@@@AB@@@B@@A@@@AB@@@B@@B@@@@B@@@B@@@B@B@@ABABAB@@@B@B@B@B@B@D@B@@AB@@A@@B@@@BBB@B@@@BAD@@@B@BAB@D@B@@@BB@@B@@@@BB@@@BA@AB@@@@AD@B@@@B@@B@@B@@@B@BBB@B@BAB@@@BBD@BBB@B@B@@BB@BBB@@B@BBB@@@@@@@@@@B@@AB@@@B@@@@A@@@A@@@@@AA@@@@A@@B@@@@BB@@@B@B@@@BA@@B@BB@@BBDBDBD@B@B@B@@BB@DBB@B@D@BBBBBBBB@B@B@B@BAB@@@B@@BB@AB@@AB@BA@@B@B@D@B@B@BBB@@AD@D@B@@AD@@B@@B@@@@@B@DADAB@D@@@B@B@@@BDBB@B@@@DBBBBB@BBB@@ABA@@BA@@@A@@B@BA@@@@@AB@@@@@BA@BBA@BDAB@B@B@B@@@B@B@B@B@B@B@@BB@@FBBBD@BBBBB@BBFBB@@@@BBB@BBF@BBD@BBB@@@@B@@@@@BB@@@@@D@B@D@B@@@B@B@@@BBB@BBB@BB@DDB@@@@B@B@B@B@BB@@@BB@@B@DBBB@@B@B@D@F@B@B@@@BB@@BB@@@@B@B@@ABA@@B@"],"encodeOffsets":[[111945,29266]]}}],"UTF8Encoding":true}