{"type":"FeatureCollection","features":[{"type":"Feature","id":"430721","properties":{"name":"安乡县","cp":[112.172289,29.414483],"childNum":1},"geometry":{"type":"Polygon","coordinates":["@@@@@@GBGDEDC@EDEBGDEBCBIDCBKFEDGFCBABABCFADAB@FBF@NALCJEH@BCHAH@FDJ@FADAFGPGJGNCDEBC@EBIFKHGFGHEDEFEFENAFADADAFALCNAF@J@F@JBJ@F@F@D@FABADCJCF@D@DB@BBBB@BB@@B@BA@@D@B@@@BBBB@BBBBBDBFBD@B@BABAFCDAB@BAF@FCHAFIJIJCD@@GFGFKDMDODC@EBIACBA@CFCL@BABMJIHCFCJAFCN@D@BBFBDDBDDDDDBDBDBF@B@B@B@B@B@@@BBB@B@B@BBF@BBD@HAF@NCB@JADAD@D@FBJBFBD@HDF@BBBBB@@@@B@D@B@B@@BD@DBD@@BD@BBBBBBBBBFBDDDBBD@B@B@FBB@B@BADCBGBKHQJABGHKNEN@HFLHNBFFJBJ@D@J@BCJEN@LBJ@@@DBDDF@D@F@JBDDDBDDD@FAJAHCFEFCDAD@H@HAH@JAJCHABEBAD@B@DAH@D@BAB@B@BAD@B@@ABAB@@@@A@ABAB@@BB@BB@B@BB@B@B@@@@A@A@AAA@ABA@@B@D@BBB@BDBB@@@@@@B@@@B@@@F@BBDDHHLFHBF@FBFADAF@D@BA@BD@BDDBBBBBBBDDF@B@D@BAB@D@B@B@@B@@@B@@@B@B@BA@@B@@@BA@@DCBABABAB@@@BBB@@B@@@@@B@@ABAB@BAB@@@BABABEDADA@@@@BABBB@@BFB@@BBBBBD@BBBBBD@BBA@A@A@ABC@CBA@A@CAC@A@A@AB@BCBCBC@@BADADAB@BA@A@A@@AAACAC@A@AAC@C@C@C@G@A@ABA@A@A@A@AAACCAAAAC@AA@@A@@@AA@@@CACBA@@@ABA@CAA@@@AA@A@AAAA@A@ABCBABCBC@ABC@CBA@A@@DADAD@B@BBDBB@B@D@BAB@D@@BD@@@DBB@@B@BDB@BB@B@@ABABCBAB@DEHCDABCDABA@CDE@EBCBCBA@@@@DBB@@BBBB@BBB@BABCBC@@DAB@@@DBD@B@B@F@B@F@B@B@D@D@FABAFAD@@@BBHBBBDBBB@@DDB@@BB@D@@@DABAD@DCD@DCBABCDEDEBI@EBK@ADC@@BABA@A@EBABABADAHG@@@B@@@B@@@B@B@@@D@D@B@DBB@BDDBDB@DBB@D@DAB@BAD@D@BBDD@@BB@D@B@B@@@BABAB@B@@@B@@BBBBBB@@JFDDDBDBB@BBBBBBD@BBD@@@B@B@@@D@AA@A@CACACAA@CAAAAAAA@EEACAA@@ACAAAC@C@AAA@C@@@A@ABA@ABA@ABABABABE@ABA@@@@@AB@FC@@BABABA@@B@@@B@BBB@BBB@H@@@DAB@BA@@B@@A@@BAB@BADA@@BABAB@BAB@DA@@DADAB@DAB@BAB@BAB@B@BAD@B@@AD@B@B@BBB@B@B@B@@@B@BA@ADABC@AB@BCDCB@@A@A@AAA@@@ABC@A@ABA@A@A@A@CAE@A@AAA@AACAAAC@AAA@A@AAA@@@AAEACAAAC@@@AAA@AAAAACCAAA@A@A@AAA@AA@@AA@AAC@C@CAM@C@IAG@A@CBA@ABE@CBABE@@@A@@BA@A@@@@B@@B@ABEBA@@@ABABCBCBA@CBABE@CBA@A@A@E@A@CBC@A@C@E@A@A@ABA@ABA@AB@BA@@BA@@BA@@BA@A@A@AACAA@A@CAA@AAC@CAA@EAC@A@C@A@@AC@C@C@C@A@AB@@A@C@ABA@A@CAAA@E@A@A@CAA@@AAAAAAE@A@AAAAAAAGECACCGGACCCACAA@AAA@AAA@CAC@CAA@CAAACEMACAA@A@CAC@C@EAE@A@CAC@C@C@C@C@CBC@CBCBC@CBCBABADEBCBABC@@DEBABAA@@AAAACAACAA@EAC@CBA@A@@@EBG@CBCDCDC@A@AA@AEAC@CAA@@@EBEBCBCAA@@CDCBCFCFABC@C@E@G@G@E@EBIDGDGBE@E@EAG@C@IAEAGBCBI@E@CFAD@DADACCIMKKOGOOMOGMCG@@@I@GFSDGA@C@A@ABA@A@CAA@AAAA@@@A@A@A@@@CAE@A@AC@C@AB"],"encodeOffsets":[[114876,29835]]}},{"type":"Feature","id":"430702","properties":{"name":"武陵区","cp":[111.690718,29.040477],"childNum":1},"geometry":{"type":"Polygon","coordinates":["@@BODIDIDCDCBA@EAECECAKCKAKBIFKHIDKBM@IAECAAEGCK@A@@AEAIAAC@C@AAABAAAAAAAE@EAC@G@A@@D@TCD@FCBA@AEAKCQC@@OICC@C@EC@EAEBIH@@EBC@EAGCGEAACOEIACC@A@E@EDKDKJ@B@FADADCDCD@DCACB@BDB@DABABDD@@BBABABA@CD@DAD@B@B@B@B@@BB@B@B@@ABEDB@HB@@B@FDHFB@FDF@FBF@DDDFJR@LBF@DFDFJBFAR@JDJBN@PGJEFKFMDE@M@IAOEKCGGEICI@QFY@OCGKKIEGCICOCS@[HSJ@F@DAB@D@F@DBBBDDFFFDDFFPHBDBDDFBDFHBF@DADAFCFKFABONIJABAF@B@B@B@B@B@B@BBB@B@D@D@F@B@DAB@B@B@BBB@B@@LNHJBBDBFDF@F@HCLILEHBBBD@D@D@D@B@B@B@DAD@DABABAB@BABABA@@@ABA@@FAD@FB@JBTBjHJFJDdBDJFNHDDH@FABECGIGGEAI@EBEJEH@H@@@@@@@@@@B@@@@B@@@B@@@@@HDB@@@@@@BA@@@@B@@@@@@B@@@@@BA@BB@DBD@DBD@B@F@B@D@DADABABAFAD@BA@A@@B@B@F@D@@@B@DA@@@CBA@@BAB@@AB@@A@@BA@@B@BBB@B@@@@AA@@A@A@@@AA@A@E@A@@A@A@GAE@AAGAI@E@C@ABC@AB@@@B@B@B@@@B@B@DBNFFBDBB@@@@@D@@AB@DAB@JCD@FCJCB@D@DA@@BABC@E@A@C@@ACCE@A@A@CBCBA@CBA@@@ALC@@@@FAJCDA@G@EAGCG@@@@EKACACCCAAA@@@A@A@AAA@A@A@AAA@AAA@ACBCJODCFGFAF@F@J@"],"encodeOffsets":[[114495,29686]]}},{"type":"Feature","id":"430723","properties":{"name":"澧县","cp":[111.761682,29.64264],"childNum":1},"geometry":{"type":"Polygon","coordinates":["@@@@@AB@DCDAB@@@@@B@@BB@@B@BBBADBD@B@@@BB@@@D@@@B@B@B@B@B@@A@@B@@@B@@@B@BBB@DBBBB@@@BBB@B@F@B@@@B@@@@A@@@@BA@@@A@AB@@@B@B@@@B@BA@@BB@AB@@@@A@A@@@A@@@AACAC@@@@AA@@@AAAAA@A@@@A@@@A@@BA@@D@B@@BB@DBDBDB@@B@@A@@AE@A@AA@AAAAAAAAAC@C@A@@BABCBADCBABABADAB@DAB@BAB@B@B@B@B@BAB@@@BBD@FB@BB@@@B@@@B@DBB@B@BBB@BB@BB@@BBBDDBDDBB@BBDBDBFDBB@@B@@@BAFEB@FCD@DAD@B@BB@BBB@@BDF@DAD@B@DABCDCHCFABAF@D@B@D@DBD@FBFD@@BBDBD@FBDAD@B@DBB@BBDBD@DBB@D@F@D@DADC@CBE@@DEBABA@@BADE@E@ABCDAFA@BD@B@DA@@BABABA@CBCBCD@@ADBDBB@@BB@@BB@@@@@@@@@B@@@B@@@@@@@@@B@@B@@@@@AB@@@@@@@@@@@B@@@@@@@B@@B@@@@@@@A@@@@B@@@@@@@@B@@B@@A@@@@@@@@@@@@B@BAB@@@@@B@@@@@@@@@@@B@@@@@@@@@B@@@@A@@@@@@B@@@@@@@@@@A@@B@@B@@@@@@BA@@@@@@@@@@@@B@@@@@@@@A@@@@@@@@BB@@@@@@@@@@@B@@@@@@B@@@@@@@B@@@@@@@@B@@@@BA@@@@@@@@B@BB@@@@@B@@@@B@@@@@@@@@@A@@B@@@@@@@@@B@@A@@@@@@@@@@B@@@@@BA@@@@@A@@@@A@@A@@@@B@@@@@@@@@@@@@B@@BB@@@@@@@B@@@@@B@@@@@@@@@B@@A@@@@BC@@@@@@B@@@B@@@@A@@B@@@@@@@BA@@@@@@@@B@@BB@@@B@@@B@@@@@@@B@@@@@@@B@@@@@@@@@@@B@@@@@@@B@@@B@@@B@B@@@@@B@@@B@@B@@B@@B@@@@B@@@B@B@@@BA@@@@BB@@B@@@@AB@@@@@@@B@@@@@@@BB@@@@@@@@@B@@@@@@@@@@@@@B@@@@B@@B@@@@@@@@B@B@@@@@@@@@B@@@@@@@B@@@@@@@@A@@@@@@@@B@@B@@@A@@@@@@BA@@@BB@@@B@@@@@@B@@@@@BB@@@@@@@BA@@B@@AB@@@B@@@B@@@BA@@B@BB@B@@@@BAB@@@BABB@@B@B@B@@@@B@@@@B@@A@@B@@@BA@@D@B@@@B@@A@A@A@@@@AA@@@@@@B@BA@@B@D@@ABB@A@BB@@@@AB@@@B@@@@@BA@@B@B@@@B@@B@@@@B@@A@BB@B@B@@@@BB@@@@BB@@@@A@@B@AA@@B@@AB@@BBA@@B@@@@@@BB@@@B@B@B@@A@@@@B@@@@@@@@AB@B@B@@AB@BB@@BA@@@B@@B@@@@@B@@@@BDA@@@@@B@@BB@@B@@B@@@@B@@BB@B@@@BA@@@@A@@A@@@@B@B@@@B@B@@B@@B@@@B@@@BA@B@@@@@@@@@@@@B@@@BB@@BB@@B@@@B@@@@@B@@B@@@@@B@B@@BA@@@@@B@@@BB@@@@BA@@@@B@@@@A@@@@@@BB@@@@BB@B@B@@@@@B@@@@AB@@B@@BB@@@@@@@@@BBA@@@@@B@@@@BBB@@@@@B@@@@B@@@AB@B@@A@@B@@B@@@BBBB@@@@B@@@@B@@@@B@@@@B@@@@@BB@@@@A@@B@@@@BB@@@@@@AB@@@B@@@@@@B@@@@@@@@B@@@@@@@BAB@@@@@@B@@@BB@@@B@@@@@@@@@B@@@@@@@@B@@@@@@@@BB@@A@@@@@@@@@@@A@@B@@B@@@@@B@@@@B@@@@@@B@@@@@@@@@@B@@@@@@@@BB@@@@@@AB@@@@@@@@B@@B@@@@B@@B@@@@@B@@A@@@@BB@@A@@@@@@@@@@BB@@@@@@@B@@A@@@@@@B@@@@@BA@@@@B@@@@@@@B@@@@BB@@@@@@BB@@@@@@@@A@A@@@@@@@@BB@@@@@@@@@@@B@@@@@@B@@A@@@@B@@@B@@@@B@@@@@@@B@@B@@@@@@@@AB@@@@@@A@@B@@@B@B@@@@@BB@@B@B@@@BA@@B@@BB@@@@@@@@AB@@@B@@@@@@AB@@@@@@@B@@@@@@@@@@A@@@@@@BB@@B@@@@@@@BA@@@@@@B@@@@@@@@@@@@@@AB@@@@@@AB@@@@@@@B@@@@@@@B@@@@@@@@BB@@A@@@@@@B@@A@@@@B@@@@@@@@@B@@@@@@@B@@@@@@A@@B@@@@@@@@@@@@AB@@@@@@@@@@@@B@@@@@@@@B@@@@@@@@@B@@A@@@@@@@@B@@@@@@@@@@@@@@@@A@@@@@@@@@@B@@@@@@@@@B@@@@@@@@@B@@@@@@@@@BB@@@@B@@@@@@@@@@A@@@@@@B@@@B@@@BABAFABADABADAD@D@@@F@@@B@D@BA@@DABA@@BA@@@A@E@AAA@ABADAD@B@DADADABAB@B@@@B@@@B@@BD@B@BA@G@E@CAAAA@C@CD@B@DDB@BBB@F@D@BA@@FAJGBADA@@BCDCBCDE@@@AFCB@B@B@B@HBDBB@B@HBB@@D@DBD@@B@B@@CAC@CB@@@B@BA@@B@BAB@@@B@B@@@@@@@BB@@BA@@B@@@B@@AB@B@@@B@@@B@@@@@@@B@@@@@B@@AB@@@@@B@B@@@B@@@B@B@B@BA@@BAB@B@D@BAB@@@@@B@@@@@B@@@@@@ABABADGBGBA@AB@D@BABA@@@@BCDAFAFABAB@B@D@DBBBB@DBFBB@DBB@H@F@B@D@B@BABABA@C@AAAAAAACCAACCCCACAAAA@@AC@C@ABA@C@@BCBC@EBA@@@C@CAA@ABADBB@@@BAFABADAD@FAB@D@BAD@B@@@@@BDBBDBF@D@B@BEHQ@@BABAB@F@D@@ABABAFADBDBBA@@DADCFCHCLEBADADGF@BAD@D@DAD@@@DABABCB@@ABC@ABA@@@@@AB@@A@@@A@A@CBA@A@C@ACEACAAAAAACC@AACB@@A@CBEBCAE@EAEEGGKCGAC@A@E@@@A@@@A@@@@A@CA@AAA@A@C@AB@BAB@BBB@B@@@@@@A@AAAA@A@@AAA@@BABAB@@@@@BABA@@@ABC@A@ABA@A@CBG@C@ABCFABADGBI@IBG@G@GBCDCFEDEBGBI@ECCACCCAC@I@E@CCEAC@C@@AI@KFMDI@A@I@CAIEIAEGMEK@GFMLMHGBARILGHADABC@A@AAA@E@A@AACCACCEAAAAAAAAA@AAC@@AC@CAC@@@A@A@C@A@@A@AAAAE@GCC@EAIAEAC@C@CBIBA@MDE@GBC@AAE@AAA@A@A@AA@@A@A@A@A@A@E@CACACACCCCCAACAECHEJCHEHGHOPEDCHAB@B@BBFDDDD@@BBFBFBDBDDDB@DAB@BAF@@AB@@A@C@A@A@@@GBGFEDAFAD@JAFADABABCBABEBCBEF@@ADADCJCLADCB@@A@CA@@AAAAC@A@AA@@@A@A@AB@@BD@@@B@@@@A@A@A@@@@CC@E@A@@@@BIDCBEDABADAFABAB@@AB@BA@@@@@D@F@@@B@@BA@@@ABE@@BAB@BA@@@A@@@A@A@@@@AA@@AA@A@A@A@A@@@@A@@@A@@@A@@A@C@AA@@AA@@BA@@B@DBB@BA@AD@@A@A@@@A@@@@BB@@BB@@@CFA@@@A@@@A@A@@@@BB@BB@@@@@BCDABA@CBE@ABABGFAFCJAHQVEFCBABIJEHCDABGBCBA@@DABAD@BBB@FDJBFBDDBBBB@F@D@H@FAD@FBFBBDBB@D@HBDBDFHDD@B@DBD@BADCD@B@F@BBB@@@B@B@@BBBH@D@BAB@@CBABAB@@AB@BBB@BA@@BCBA@ABABAB@B@BB@@@B@@@B@BABAB@B@@@BB@@@B@BA@ABAB@B@@@BBD@@@B@@@BA@@FABAD@@@B@BB@DDFDFBB@FBB@D@B@D@BAB@BA@AB@BBB@DDB@BB@@B@BBBBFDBBBD@B@BABADADAD@@@DAB@BAB@B@B@@BB@@D@B@@BBBBD@B@B@BA@A@AB@B@BAH@HBH@BABABEDABABADADABA@EBA@A@AACA@@AAABA@ABA@C@A@AA@C@A@@AAA@C@C@@@A@AAA@@AAC@AAA@EAA@AAA@A@AAA@CAA@A@AAA@A@AAA@CAA@A@AAA@AAA@A@AAAAC@AAAA@AAC@A@A@CAA@A@AAC@AA@AFCDCBA@AAEAECGAC@CAE@A@@@A@ABAA@@AAECE@A@C@ABA@AB@AA@AAAAA@AAC@A@A@AAA@A@C@ABA@A@AAAAA@AA@M@K@G@GAE@CCECGGEICC@@@CAA@@@A@@AAAAA@AAEACAA@@AAA@A@A@C@C@AAC@CAC@CAC@CACACACACIKQYQUYkEKAKC@C@CBCACAC@ECG@AAC@E@EDA@C@C@C@AACCAACCCAEBC@CBCDABAB@D@@BBBB@BAB@B@BBB@DADADADAB@BADABAD@BAB@D@DCDAD@D@FBDBDBBB@DABBB@BDBD@D@DADEDEDC@EBC@A@@DCBC@ICEAC@CBADADAD@DAB@B@BADEFCBA@AAACG@CBCBCD@DBFBBDFBB@FBFBDBDBB@D@DADCAOGGEMIECCAEAA@C@IAC@E@IDMJ@@EDEFGLGLEFCB@DBBDBBAD@@B@B@BBBB@D@BBBD@D@BBBDBDADAF@DCFCFCFCDADAB@D@BBBDBD@BDDDDBB@D@DCDCBIDCBC@CDABADADADEBC@C@CACB@DBBBBBD@BAD@B@DBDBDDB@BDFDDBB@R@D@FAF@D@D@D@LABADADDD@BBBCBA@EBCBEBCBEBABAD@BBD@DADBDBD@DBHDFFHFFDFADBDBBABCBE@C@E@IBEDEFEBGBCAE@E@CACBC@CACECAECAACACACCCAAA@C@CBABABC@AACCAACAAC@C@CAC@CBEBABCBCAC@AAC@A@CACAAAC@ABC@E@C@CBC@ABCB@@@BC@AAA@A@ABABC@ABBB@B@BABC@C@AD@B@F@BCDCDCBCDEDCBEBEDCBABCDCBC@E@CAGCCACCAAC@CBC@C@@@AA@E@C@AACACAC@C@C@CBC@E@A@CAC@AACAECACAEACC@@A@@@C@A@A@C@AACAAACAAAA@A@EB@@ABADAFCDADCH@DAB@BAHADADC@C@C@CAC@CACCCACAECCAEAAAC@AACACAEAEA@@CCE@@BABBB@B@F@F@HAFEDCBC@CBABADADADABABEFCDAD@B@@BF@FCBADCBE@C@E@EAEAG@I@K@UBC@AD@BDFDFHFLHBD@B@DAD@D@BBBBBBB@BDF@DAHCFCF@BEDCDABCHAHCBCBEDCDEFEBCCEBA@@HAFCBA@CAEEAEKIGCK@GBCDGJCFEDMHCBGH@@@B@D@B@HBJ@FABEFCFCH@FBDBBBHCHCH@DAF@DAF@FAHABCBABABAB@BBB@@BBB@B@DBB@D@D@B@F@F@F@H@DAB@D@D@DAFBFF@@HDF@D@DADAB@FBD@DBJBJFBD@@FBB@B@B@@@BCBAB@BABAB@B@B@DAB@DBBA@@F@FBBB@BBBDDFDFBFBFBFBF@DBDBBB@BFDB@D@"],"encodeOffsets":[[114015,30665]]}},{"type":"Feature","id":"430724","properties":{"name":"临澧县","cp":[111.645602,29.443217],"childNum":1},"geometry":{"type":"Polygon","coordinates":["@@DDFBDBDBBFBD@BBD@D@B@FAD@D@D@DBDBDBD@B@D@FBB@@D@D@DAD@BBDDDBHDDBF@D@DADCBADAFCFADAFCDCDADCDC@A@E@ABCD@D@BA@A@AAABAD@BABAB@B@BBD@@A@@DABAD@DAD@F@D@BAD@BBDBDBB@D@BBD@DBDABAFADAD@DBD@D@BBBDDBBD@BADABAB@D@DBBDBDDDBDBBBFDDBDFDBD@DADBF@F@DBHAFAFEFCJAF@D@F@DABAAAACBCCEEEEGCEAG@CACACBC@CAC@ABCBAFADAFADAFAB@DAAA@ACCBCBCBA@K@C@C@CBE@E@C@QAACCCE@ACAACAC@C@ABC@AACAAAA@CDADBD@D@FABCBCBCBADCD@DAJCDADC@C@CAACCCC@AACACAAC@A@CBCBEDEDEDCDE@CBCBCAAA@A@CACAAC@A@AA@A@A@AC@ABCAAA@CDAFEHKHKFEFC@@NIJCF@D@JBD@B@FBDBFDNJHFPHDBBC@C@CAAACACAE@EAACEAAAE@CDCDADAH@BDBBB@DAFEBC@A@ABA@CBCBCBCDAD@FBJDD@DA@CB@D@FAD@FCFCBC@C@CACACA@AACBA@AAACAC@E@CBCDC@C@CBA@ABCBABC@ABABCBCBC@CAA@A@ABA@AAAAA@@@CBABADCDAD@FADBDDBBDDBBD@D@D@B@FCF@D@BBH@FDD@DBDBDAD@D@HADABCDCDC@CDABAFEDEFADBBDFBF@D@DCFADED@FABCB@BABB@B@@@B@@ABABCBA@@@@B@@LHDBB@B@BA@@AAAA@@@AB@B@B@BACE@@BABA@@B@@BBB@B@BBBB@@@FCBA@@BA@@AEBAB@B@DBB@B@BABCBAACAGAC@CAA@E@EA@@@@@ABA@A@@@A@@BB@@B@@@B@@@@A@A@@@A@@BBDAF@BABA@@@AE@C@CA@CA@A@@@ABA@@@A@@@A@@@A@@B@@@B@B@@@B@D@B@@@B@@AA@ACAAC@GACAA@@AB@B@D@B@B@BABA@@BBDFDBBBB@@AA@AAAA@ABAAC@@AACCA@EAABA@@@CCAA@A@ABAB@B@@AAEACBC@ECAECA@A@@A@@BAD@B@@ABAAA@E@E@AAEEC@CCCCA@CACACDA@AAABCAA@@BG@CAAA@AG@A@AAAACAACCCAAACAAGAE@C@C@C@A@ABEBA@AACCC@@@A@@D@B@@@@A@A@A@AAAA@ABC@A@@@AA@CB@BA@CA@@A@@CC@ECE@C@ABEAC@CCCECCACE@C@@@A@@@C@A@@@AD@FE@@CACACAC@@@@@A@@@A@@@@@AAA@@AA@AAAAA@AC@@AA@@AA@AAA@AAA@A@A@AAAACAAA@AAA@@AA@A@A@C@AB@B@@ABADADAD@@@DAD@BAD@@ABA@A@A@A@A@AA@@A@@@A@@@A@@@C@A@CBCAA@C@@@A@AAC@A@ABA@@@@@@A@A@@BAA@@@@@A@A@@BC@@B@@A@A@A@@@AA@@@A@@@AAA@AAA@@AAC@@@C@ABABA@@@@@A@@@@A@A@@AAA@AAA@A@A@C@A@A@A@AAA@A@ABA@A@ABA@CBA@@@A@A@AA@@AB@@A@A@@@@@A@@A@@AAA@@AAAA@@A@@CAYIE@AAA@AAA@@@ABA@A@CBA@AB@@AB@@C@@BCA@@C@A@AAA@A@A@ABA@A@AB@@ABCDABCB@@A@@@@@A@@@@@A@AB@@@@ABBBAD@@ABABABA@CBA@A@@@@@@AA@@A@@@C@@AC@AAA@@AACAA@CBC@C@A@@@AAAAAA@@AA@AA@AAAA@@AAA@C@AAC@@@ABA@C@ABA@AA@@AAA@@@A@ABAB@BCB@@A@A@C@A@CAC@@@CAAACAAAA@AAA@A@ABA@A@@@A@C@@AAAAAAAA@@@C@A@A@A@CAA@@A@AAA@A@AAA@@AAAAA@@@A@AA@A@@AAAA@@@@A@@@A@@DAB@BABA@A@A@@@A@C@C@A@A@@@A@ABABABABABA@ABA@A@C@@@C@@B@@C@AD@BABCD@BABAB@@ABABAB@B@DABABADKBA@@DB@@@B@@@B@B@BB@@B@@BBB@BB@@BB@B@BBB@B@@@B@BBDAB@B@@@BB@@@@BBB@@BB@@BB@BBBB@@BABCD@B@@@@@FFBBD@BBHBB@AFAB@B@DBBBBDDBDBFBDBBB@B@FBBB@F@DADA@A@AAA@CACAA@AB@BDDBD@BCBA@C@GAE@@@ABAD@BBB@BBBABA@G@A@@A@BC@C@CBEBC@ADKFMJG@ICGEW_@IAEI@IBOASCAB@FDBFB@BADAFAFBHBHBBFDBD@DAFIHCH@FBDFBH@FAFELGLCJ@PABAHADBHJDFBBDFB@LP@DEHAH@@B@BB@@B@@BB@B@@BBB@@@B@B@@@B@@@B@@AB@@ABA@@B@B@BBBBBBBBBB@BDDBB@BBB@BBBBBB@@BB@@BB@@@B@@AB@B@@@B@@B@@@BBB@B@B@@@B@@@BB@@@B@@@BA@@B@@@BBB@@@BB@@@@BDBCDA@A@GBCBGCCCABADAHDL@DBBF@D@DD@D@D@DADLPBRCLKREH@@@DAF@BAD@D@B@F@D@@@DBD@D@BCBABE@C@C@EBC@G@AAE@C@EBEBCBABAB@DDD@BB@B@B@B@DAD@B@@@D@B@@DAD@B@HAFAFEFEBABCBCB@@@@@B@@B@@BB@BBBD@DDBFDD@DABCBGDAFADABCB@BCBKBA@A@ABA@ABA@@BA@@B@BAB@BAB@BADADABAB@B@@@BBDBBBBDBDDBDBDBFFBH@F@DCBA@ABEAA@C@GBA@GBAB@DBD@@@@DF@D@BABA@A@CCA@AACAEAA@@@AB@@B@@BB@BBDDB@FDBBDBDDBBFDBBDDDBD@@@B@BAB@BA@@B@BABBB@D@BB@@BBB@BBB@B@@@B@@@BADA@@@ABC@A@A@@B@@@B@@@BB@B@@BF@B@D@H@FBB@BBBBBBFABABABA@ABC@C@C@AAAAAACACACAC@CBABABADAFCBA@ABCB@DAH@D@@ADCLEHAD@B@D@B@B@F@D@BBHBBBBBDADCB@@@BA@ABABEBCBEFABCDABCDABCBCDABCDADCBABABABABABCBABABC@ABCBEBCBABC@CBC@CBCBCDADABABCBABADABADCB@B@D@BBBB@BBD@FDBF@HGP@B@DBF@BBD"],"encodeOffsets":[[114116,30436]]}},{"type":"Feature","id":"430722","properties":{"name":"汉寿县","cp":[111.968506,28.907319],"childNum":1},"geometry":{"type":"Polygon","coordinates":["@@DABAB@B@B@@@BA@@B@B@@@BA@@B@@@B@@@BAB@B@BAB@@@BA@@B@B@@@BA@EAABA@CFCBADAB@BA@@BBB@@@B@@B@@B@@@BB@@@@@@B@@@BB@@@@B@@@BA@@@@B@BA@@@@B@@@B@@A@@BA@@B@B@B@B@@@B@@@B@BCBE@@DEBADA@@DA@AB@@CAA@AAAAC@ABC@EAE@GAE@CAG@EBGBE@ABC@@DEFCDEBCDCBA@A@@AC@C@@@AA@@A@@@C@A@AAA@A@A@@@A@A@C@@@A@A@AAA@A@A@A@@@C@A@@@A@E@@@A@@A@BAAABC@ABAA@@A@A@A@C@A@A@A@A@A@A@@ACCC@G@AAUBCBCBADAHCDG@CDDIBSEIACADGNIDCJKHITKdWBABC@C@CAE@E@C@CBE@E@EACCEAEACCEACCACAEACAC@CACACE@EBG@EBG@EAE@E@C@E@ABGAE@C@E@EBA@CA@A@C@AACCECA@CAAAA@CACAA@IAEAEAC@AAC@CAA@@@GBC@CACAC@AAA@AA@ADCAAACCCCAAAAACCEAA@AA@CCAAACAC@C@CA@ACGACCAAC@CAA@EAAACC@A@C@@@AACAAAC@C@CAA@C@CDEDCDCBCBADCBA@A@AAAAAAAA@AAC@CAAACAAA@@DA@AB@@AAAA@AACAAA@CAC@C@A@AA@A@ADADADAD@@AAAACECCAEAE@KBSBIBI@E@C@A@A@AAACCECECAA@C@A@@BABABADADADABABA@ABABC@C@A@ABADABAD@D@B@D@DADABABABC@C@C@CAAAAAA@A@C@ABA@@BCBC@CAC@CBA@A@CAC@CBC@CBC@C@AAAACA@A@ABCFEDCDADAD@B@DA@A@CAEACCGAC@C@CAACAA@E@C@E@E@CBE@CBCBEDEBCBC@CBC@@@ABCPABABC@CCCAECAAC@A@@BAD@B@D@BBDBBDBBBA@ABCBEBGBEBC@E@GDC@EBCDA@@@ACADABA@C@E@A@C@ABGAA@E@C@EB@@EBC@ABCACAGACACAAAACAEBA@ADAF@BABCBA@EBAACAECCAAAC@AAAAAC@ABC@CAAA@CAEAA@AC@A@CBCBC@C@C@EAECCAGACAA@CACBCBCBABEDC@CBC@A@CAEECIAEAGAAAE@ACACAC@A@C@ABA@C@C@A@ABADABCBABEBCDCDAFAFAF@F@B@@ABABC@E@C@CBCBC@EAC@A@ABADADABABA@CAAAACAC@EAEACAAC@A@CBCBGFCDADEFAFADAFCBCBCBABA@@BADBF@BBDDFBBADAB@D@BBJ@@@FAD@F@F@@ADEDCBCBAB@D@BABABABA@A@AACACCCAC@C@CBC@A@CAC@E@CDABE@@BA@@@@BA@@@@B@@@@@B@B@@@B@@@B@@BB@D@@@B@@@@@@@@@@AA@@@@@@A@@@@@@@A@@@@@@@@BAB@@A@@B@B@@@B@@@@B@@BB@@BB@@@@@@B@@@@BB@@@@@B@@@@@@BBB@@@@@D@@@@@@@@@BB@@@@BB@@@B@@@@@@@DA@@BAB@@@B@@@@BBBBB@@@@@B@@@@@@A@@@ABA@@@AB@B@@@@@@@B@@@BBB@@B@@@@@@@@@@@BB@@@@@@@B@@@@@@@B@@@@@B@@@B@B@@@B@B@B@B@@@BA@@@@B@@@@@@@@@B@@@BA@BBA@@B@B@B@B@@@@@BA@ABA@@B@@@@@B@DH@@B@@@@B@@@@@B@@B@BB@@@@BB@@@@B@@@@@B@@@@@@@B@@AA@@@@A@@@A@@@@@AB@@@B@D@B@B@B@B@B@B@@BB@BD@BB@@B@B@@@D@B@D@@BB@BBB@@BBB@B@@@DBB@BBB@@@BBB@B@B@B@B@@AB@@BB@B@@@@@DAD@D@B@B@@@BD@@@B@BAB@B@BB@@B@BBBDB@@@@B@@B@@B@@BB@@BA@@B@B@BB@@B@@BBBB@@@B@@@B@@@B@@@B@@@@@@BB@@B@B@@@B@@@B@@@@B@B@BA@A@@BB@@BBBB@BB@B@BA@@@@B@@@D@BB@@@@BB@B@D@DB@@@B@@@B@@@@AB@B@@@@@B@@BB@@B@@@BBB@B@@@BB@@@@B@@BB@B@@@B@@BB@@BB@B@B@BB@@B@@@B@@B@B@B@BB@@@@BB@B@FCB@B@B@@@@B@@@B@@AB@@@@@D@B@B@@B@D@@@BA@AB@@@B@@B@@@D@B@@AB@B@B@@@BBBB@@AB@BCBAB@B@BBBB@D@BAD@B@@@B@BBB@@@BEBCD@@@@ABA@AB]TMLABA@@@@@ABC@A@GBMHCBCBIJKFED@@@@ABA@@@@@E@@@A@@@@@A@@B@@A@@@@@@@AB@@GDABCD@@MF@B@@@B@B@BBD@DBDBFBDBBJFDDDNBV@DBDBBBB@B@BA@ABBBBD@B@DC@@B@@@BBAB@D@DADAHEDCB@DAD@H@D@H@FDDBDBHLDP@LAH@FAD@BCBAB@BAB@B@BDBDFBF@FABCDCDCJCJAP@H@FDDFDFBHDHBFBH@N@JAPCLABA@@AECEAC@CBEBEDCBADAD@D@NALAHAJ@BADABABEHEPCVAZHPNJJBFABABEDABAB@B@B@BBD@B@DA@@BABCBCBCBAD@B@D@BB@BBTJB@BBBBDBBDBDBBBDBDF@B@D@B@FBBB@B@B@@ABA@@B@@@BA@ABA@@B@@@BDDDBB@BB@@BD@@D@DD@BBBBBBDBBBDBB@D@BBBBBBBBB@BB@B@B@DBBB@B@F@B@@ABAB@DABAB@B@BBBBD@@@B@B@@AD@D@D@BADAB@DAD@B@BBB@B@BBB@@@@BDDB@@DBD@DBFBLDF@DCBABABEBCBABAF@FAJCJCHAJ@HADAB@BA@A@@BBBBFFDB@@DBB@BBFBB@BBBDBB@D@@@BBB@BBBBBHL@FBBBDD@FBF@F@FAHCFCHGHEDAB@B@@DADAB@B@@@@B@BBBAB@DABABAB@@AB@BAB@D@F@D@H@HBP@NBFBHBHDHBLDFBBBDBBDBBBDBBBB@@BBBBB@BBD@FAD@D@B@BF@@BBBB@B@@@@@B@@BAD@D@"],"encodeOffsets":[[114881,29834]]}},{"type":"Feature","id":"430703","properties":{"name":"鼎城区","cp":[111.685327,29.014426],"childNum":2},"geometry":{"type":"MultiPolygon","coordinates":[["@@DCJIJIBEDG@EBE@ABADCBEBA@A@AACAEACAAAAA@AA@A@@@A@CB@@A@AA@@AAAAAA@@C@CDEDIBCBA@E@C@E@EAI@I@E@IBEDMBKBEBCBCBEFMFEFEFCHGHELGJEFAD@FADCHMHIHOBEBC@ECI@EBGDG@AFGDIBK@MAE@EBABCDEBABADAHEFCLEDAJCDAFAHCFAFCD@FCHCHA@@@@@@@A@@@@@AAAAA@@AEA@C@C@EBC@AAA@AAAA@@AAAAACAAACCAAAEAKCGAGCGAEAMAO@GAG@C@E@C@A@ABA@@BA@ABABCBA@ABAAA@@@@@@ABABC@CA@A@CBGFGHEDGDEBE@E@EAC@ACAA@EGKAAAA@AAA@A@@@CAAACAAA@EAAAA@CA@@CAEEAAAA@@@BABA@CBGBI@GBIDIDEBE@ABABADAFABABCDE@KCEACAC@CA@@CAAC@@@@AA@A@AAA@A@ABC@CBABC@A@C@CBC@@@A@A@@ACAA@A@ABABA@CBABA@@@A@E@AAACAA@A@A@@AAAAAAAAA@A@CAAACAAACAAAA@ACCC@@@AC@@AAA@CACC@A@@@AB@BAB@@A@@@AB@BA@@@A@AAAEAA@C@A@E@ACACAAACACCAAAAAA@SIAAA@@A@C@ABCDADADABA@AB@@C@AAC@A@A@ABABAFCBABAAEIIOMYGUBODGFAFABCBABI@GBKBMBC@C@CBABCDAFAF@DBDDFBF@@ABKBODIBM@G@EAGAGCEAECCC@E@GI@E@E@EBEHCDIPADBDB@BBB@BBB@B@B@BBB@B@@@B@BBDDBDBDFL@@@@DHBH@F@HCBIDEB@@@@KD@B@@AB@DABAD@D@B@BDFBD@@@D@B@FADAB@@CBC@A@IDEDC@IDA@CBA@@BC@@@@@A@CAEAMECAA@A@@@A@A@A@@@A@@BAD@B@D@FBJBH@BBF@H@B@BB@F@B@B@@B@@@B@BB@@B@@A@A@AAA@@@AB@@@BA@@BA@AB@@AB@D@@CBA@@@C@E@A@A@@@@BABC@EBABABCBCBC@A@E@A@C@CAC@CAA@@AAB@@@@A@@@@@@@@A@@B@@A@@@@A@GC@@@@A@@@A@@@@@@A@@@@@@@@G@G@IFAF@FBJHFJHDHAFEBG@CCMGIEACCcEIGIAiAS@IEAC@EB@@AB@B@@ABABABA@ABABCBC@CBA@A@A@C@C@C@C@AAGAKFKJGDE@E@ECCAAAGIKM@B@@AB@@A@AAAA@@A@A@A@A@ABABA@ABA@ABAAA@A@A@@@A@@BA@@B@BAB@B@D@D@D@D@B@DADADAB@BA@BB@D@@@@@@BBB@BBB@BBB@@BB@@BBB@@@BBBABAB@D@@@B@BA@@@@BADBDBD@BB@@BDBBB@B@@B@BBBB@@B@@@@BA@AB@BABAB@BB@@BBB@BB@@D@@ABA@AAC@@BABA@A@A@A@A@A@ABABCDCB@B@BAB@B@B@@@D@@@BB@BBBB@B@@BBBBBB@@@BBBAD@B@BAB@@AD@@@B@B@@B@B@BBB@@@B@@@B@@@B@B@BBB@@@@@B@@B@B@B@@BB@D@DBD@FBFBJBL@B@D@B@DAB@BA@ABABA@ABCBA@ABABAB@BAB@DBB@BB@@BB@B@@BB@B@B@B@BB@BB@@B@@B@@B@@B@@AB@B@@@B@@BB@BB@@BB@BBB@@@@@BBD@B@FABA@ABAB@D@@@BA@AB@@C@@@@@A@ABA@@BA@@@@@AA@@@@A@AB@@ABA@AB@@A@A@A@A@AA@@AA@AA@@AA@A@A@A@@BABA@ADAB@BAD@BAB@B@D@BBB@B@@B@BB@BBD@B@@ABA@A@ABA@ABABADABABAB@B@B@B@BBD@@BD@BBBB@B@BBB@BBDBBBDB@@D@DBB@D@B@B@@@DA@ABABAB@@@B@BB@@BBB@BAD@B@BA@@D@BBD@B@BB@@BBBBB@@BBB@@BBBBBB@@B@D@D@DAB@DBBB@@BB@BBD@@@D@@@BB@@B@@@@B@B@DAB@BABABA@@BCAABA@@@@BAB@@@@@B@@@@@B@@@DABADCBA@@BAB@B@BAB@B@B@BBB@D@@@DB@AD@@@BA@@BAB@DAB@B@BA@@B@BBB@BBF@ZJDB@@@BB@BB@BB@BB@@@BB@@@@@B@B@@@BA@@BBB@B@@@B@DAB@BAB@B@BAB@B@BBB@B@B@D@B@B@B@BBB@BB@@@B@B@@B@@@@@B@BABAD@@@D@BB@@BB@BBB@B@@@B@@BB@@B@B@B@@@@AD@@AB@B@@@@@B@AB@@@B@B@@@@B@BAB@D@BBB@@@D@B@DBDAB@D@@@B@@@B@@@B@@@BBB@B@B@B@B@BA@@BC@ABC@C@@BCBCBCBA@@@ABAD@B@B@B@@BB@BBB@BBBDBB@B@B@BBB@BBB@BBB@@BB@@BDB@BBBBB@@BB@BB@@@@B@@@B@@@@@D@DBDBDB@@BB@B@BADCF@B@@@BB@DFHBFBD@F@@@BABAB@@@BAB@DABBB@B@B@B@DAHG@@BAB@@AB@FDDBB@@BB@DHDFHHFBF@D@FADBBFHDJBD@FAD@@A@C@ABC@@B@DBB@DBB@D@B@BAD@B@@@B@B@B@@@BA@@B@B@@ABABA@A@@B@@A@@B@DA@@BB@@B@@@D@@@BAB@BAB@B@B@B@@@B@D@B@DAB@BABC@@B@B@B@B@LBD@D@D@B@F@@@@@B@B@B@B@B@B@BA@A@ABE@A@@BCBADCBCBADC@ABC@E@E@C@CBA@CBA@AAG@CBC@AD@@BHRDJFHFHFFBD@FAJEH@B@DDHFFHBTFLFPJDBF@BAB@B@DAB@DBDBDBBDBBBFDDB@BBBBBDBD@@BD@B@DBB@BBD@@@BBBBDBBBBBBBFDDBBBB@@@BBBBB@B@B@@@B@D@F@B@@@B@B@BBB@@B@B@@BBDBB@@BBB@@@@BBB"],["@@@A@ABA@ABADA@ABC@EBG@KCOGKCACAECG@C@G@C@CBA@CDGFCBCBC@A@AB@A@@@AD@@C@AACAABAB@@A@AAAAAAC@CAUCMCCIEAAACAEAC@CAC@A@A@A@@@ANE@@DCBAHC@@BA@@@@@@B@@@@AB@@@@@B@@@F@@@@@B@BA@@@@FCLEJIDADANGHAB@D@BA@@@@B@BANK^SBAB@BA@@@@DCFA@A@@AA@A@A@@@ABC@A@CAAAAA@A@ABADA@@BA@AA@A@@@A@ABA@@@A@C@@@AA@@@A@@BAB@@C@A@@@@A@A@C@@@@BA@@@A@@@A@@A@A@A@EDA@A@@A@@A@@A@A@A@AA@@@A@@@AAA@A@A@@AA@@AA@@@A@A@@AA@@@@@AA@@A@A@AA@@A@@@AA@@@A@@@@@ABA@@@@@A@@@A@@CAC@A@A@@A@@A@@A@C@@@A@@B@@A@AAAA@AA@AA@@AB@B@@A@A@A@@A@@@A@@@A@A@@@AA@@@@@@@A@@@A@@@A@@@A@@AAAA@@@AA@@A@A@AB@@AA@@AA@@@@AA@@@@@CAAA@A@AA@@A@ABA@A@A@@AC@@A@A@C@C@CB@@@@A@A@@AA@@BA@A@A@A@A@AA@@A@AAA@CA@@A@A@AA@@AA@AAA@@@C@A@C@@@A@AA@@AACA@@AA@A@A@A@A@A@C@A@@@A@@B@@@@@B@@@B@@B@@BA@@@@@@@A@@@@@A@@@@@AA@@@@AAA@@@@A@@@@@A@@A@@@CGA@@@@@A@@@AB@BAB@@@@A@A@A@A@@@AB@AAB@@A@@@@@@@@@A@@@@@AB@@A@A@A@A@@@A@A@@@A@@@@@A@@@@@@@A@@@@@@@A@@A@@@@@@@@@@@AA@AA@@A@@@@@@@A@A@@B@@AB@B@@@B@@@@A@@@@@A@AAAA@@@@@A@@BA@AB@@C@@@@@@@A@@AA@@@@AA@@@@@@@@C@@@@@A@AA@@@@@@@A@@@@AA@@@@@A@@@@A@@AA@@AA@@@@@@A@@@A@AB@@@BA@A@@@@@@B@@@@@@@B@@@@@@@BB@@@@@@@@@@@A@@@CAA@@@A@@@A@@@A@A@@@@@A@@B@@A@@B@@AF@BADCF@D@DBB@D@DAD@D@DBDDDBBBB@B@BABABA@A@CBADADAFCBC@@@E@EBC@E@@AI@A@CBABCAACEAC@AAEBC@A@@CACAACAACAC@C@GBE@CAGACCAACC@ABAD@D@B@@A@AAACAEACCAAACBC@CB@@E@E@CBADCBCBAAE@CACCCECCCCCAA@EACAAAAC@ABCBADABA@AAACCCCCCACACAE@C@EBA@CBE@C@A@A@CBCDABAFADAFADAF@DDF@DAF@HCF@@CBEBEACAEAE@C@CDADABC@C@A@CACAAACICAEAIBA@@@EDUFMHKHKFOFGBC@E@A@C@ACIKA@ECCCCEAAEEEEIICEIEEEA@CACE@@GCGESSA@ECEAEAE@A@A@@D@D@D@@BLDJFNBRDFBHBFBHBF@FABIDE@EBAD@@@BBJBJAD@@CBABE@CBCDCFCFADBD@DABABEBCBCDADAB@D@FBDBDBB@DBBBDBBB@BB@BAD@BAB@@BB@B@B@BEDAB@B@D@DBDDDBB@@JFDBDFDDDBBDBB@FBF@B@DDBB@D@HBBBDDBDBF@@A@ABC@C@@BA@@D@B@@ADBD@D@@A@CACAC@E@CBCDA@A@A@ECCAC@ABABAD@D@DBD@DABADABCF@B@BB@@BABADAFEHCFAF@BBBBBBBD@D@DB@@D@BA@@BABA@A@CBABABBDBDDBDB@@@DAB@DAD@D@BADABABADA@@B@@D@F@DBBD@@@@@@@B@B@BBBB@DBDBBB@B@DABAFCDADADBB@BBAD@F@DBDDFBF@F@H@H@DAF@B@FBDABADEHEDAD@BAD@D@F@FADADADAF@FBBBDBDDFDFDFBB@D@BAD@D@F@DBF@D@BDDBBBD@@BFBH@B@D@HCLDJLXBDBBFBFBL@LBLFNH@@@@ZNJDFD@BTI\\GT@PDJDHDJFLLDH@PEZ@RDJFJHHLDPFJBN@F@NCLEFEHI@OAMCI@IBQAEEIEC@CAE@KIQCECCE@EAE@ECA@GEECA@@@GAA@FCBA@@@A@AAA@@@A@A@A@ABC@CDCB@BABAAA@@CCBABA@CCA@ADADB@CDCDCBCBC@E@ALILCFCF@B@D@BDFJDPBBHFHDFBD@FA@@JGFAFBD@@F@DDDPJ@@RDLDFB@BABEDC@SDC@@@@B@HBD@FBFBBBBBBBABBD@D@BBBJBF@@@BDLFHBBFDJBN@LAJCLGJELALBLD"]],"encodeOffsets":[[[114735,30097]],[[114500,29653]]]}},{"type":"Feature","id":"430781","properties":{"name":"津市市","cp":[111.879609,29.630867],"childNum":1},"geometry":{"type":"Polygon","coordinates":["@@BE@IBCBEFCHEHA@@B@B@D@B@@@BA@@BE@ABA@CCACCCAEAEAAA@@CCCCAE@A@ABADGFCPOHGFGDGFIDG@A@CDMBEDIDEJGNIBA@ADKDEB@DAJBFAD@PCNCLCHEHE@@AA@A@@A@AA@@AAAC@AA@A@@@AA@A@A@A@@@A@E@C@A@@@A@AAAAA@A@@AAAACCAEAAAAAAACAA@A@@AC@AAA@C@AAC@@ACACAAAAA@CCAEAAACCACACAA@CBA@A@ABE@CAOIKESEGAEECG@C@AFGBI@EACEEEGEGCIGQ@AC@@BAD@DBH@BAB@DAB@D@D@F@FAD@BCDABADCDABAD@@@BAF@B@BABA@A@A@A@A@A@@@@@E@A@C@C@C@KAA@A@A@A@@@ADABA@CBA@C@A@@@A@A@A@A@ABA@AB@@C@@@A@@@AA@@CBA@@@@BA@@@@BABAB@BA@A@@@AB@@A@A@A@@@A@C@ABA@C@A@CAA@CAA@@@AD@B@D@BC@EBC@IAGCAECAEBC@E@EAGGCECGA@@AA@CAECA@@BA@AB@@GHCBA@A@A@A@AACBA@AB@@A@ABAB@@E@C@EAGACEA@@A@@@ADEBC@A@AAAEFC@@B@@@B@D@@@B@@@DDFDBFDDD@DBDAF@B@DDF@FDD@@@BB@@DABA@@DBB@@B@D@BAB@BB@B@B@B@B@@A@C@@@@B@@DDBD@BABAF@B@B@D@D@DBFBHDBBBDBDDBBBDBB@B@BBHB@BB@DAH@@BBADBB@BCBBDBD@DDBDD@DFDBF@B@F@FBBAB@BA@C@AB@@@BB@B@FDDB@FADBDBF@BA@A@AB@B@BBBDD@@B@BAFBB@DDBB@@BDAB@BBBBBB@@BA@AACACEAA@@ABABA@A@C@A@A@@BB@DBHBD@BBBDB@@BA@@@A@C@A@@@A@A@@@A@@@@B@@@B@@@B@@AB@B@@@BDBB@@D@DBF@@B@BA@ABEAC@AB@@@B@B@@@@@@A@@@AA@@AB@@@B@B@BA@@@@B@@F@FBB@DBDBHBDABADABA@A@CAA@A@ABBF@@AB@@ABED@@A@AA@A@AAA@AA@@@ABAB@@DFABA@A@A@@B@@BBBB@@ABA@A@CAKG@@@A@@B@DABABA@@@A@@@AAAABA@ADEBC@CFEBCDC@E@EAACCAEBCFEFABCB@DCDCDADCBGBBLFLZlRVRZJLBDBDBDBD@DBD@DBD@DBD@B@D@D@B@BBB@BB@DBFBBBB@BBBB@@@B@@BB@D@@DDFJHHFDDDF@HBH@L@N@B@@BBBBB@B@BAB@B@D@BBB@B@B@BBD@BBBBB@BBBA@@BAB@B@D@BDFBF@BB@AB@B@B@@@BBF@DBDDHBFBF@BABCDED@BBBD@BBB@B@DBB@B@D@BBB@BB@BBDBB@B@BBB@BBB@B@BBB@DBB@B@BBB@B@BBB@DBB@B@BBB@BBB@FBB@BBD@BB@BBB@@@D@D@B@BB@@@B@DBBB@D@B@BAB@BABB@@DBBBB@B@FAB@BABCBCBABAFCBABA@AAG@GBG@A@ABAB@B@@A@A@AACAA@AA@C@@@AA@@@A@ABA@ABA@C@@BCBCBCBA@A@AACAAECAAAAA@@@AAA@CCA@AAA@@BABA@ABC@A@C@A@EAA@EAECCCA@@A@A@@BCBA@EB@@A@@@A@@AC@A@@@ABABAB@@A@A@@AA@@A@A@ABABA@@@A@@@A@@A@ABABABAB@DA@AB@@AAA@ABA@@BABADA@@BA@A@CAGAA@@@A@A@@AA@A@E@ADCBC@AAC@C@ACCEGACAC@G@CAAACEAEAC@EBG@C@E@A@AACAACAECI@EAA@ABCBA@CB@DAHABADCFGJIBADAFERUBGDIBEHEBABAF@DAB@BADC@A@@@@AAA@@A@@B@B@@@B@@@B@DE@@A@@AA@@A@@B@@@B@B@@@BCB@@AAA@C@AB@@AB@@BB@@B@D@BB@@@B@@@B@@@@@@B@B@B@BBB@@BB@@@@@B@B@@@B@@ABA@AB@@AF@B@@AB@@@A@@@E@C@@@@ABA@@BA@ABEBCBABCBAFCDAJ@@@@@B@FDD@@@@@B@B@B@@A@@@C@@AA@@B@B@B@@BBB@D@BBBB@@DBB@@@DABCDKDIBCBC@@FEDAFABADABABABC"],"encodeOffsets":[[114637,30230]]}},{"type":"Feature","id":"430725","properties":{"name":"桃源县","cp":[111.484503,28.902734],"childNum":1},"geometry":{"type":"Polygon","coordinates":["@@BCBABA@C@ABABABA@@BABA@ADCBA@ABCD@@@@AD@@@D@B@B@BAB@BABABABABAB@@@B@B@D@D@B@@@B@B@B@BA@ABA@CB@@@B@@@@@BBBB@@@BBBB@@@B@BBBB@@BB@B@BBB@B@BB@DBB@B@B@D@@@B@BBBBBB@BD@B@@@B@B@BAAA@AAC@@AC@A@A@A@ABABABABCBABAB@BAB@B@BA@@@AAC@AAAA@@@@AAA@A@C@ABA@ABC@ABABCB@BA@AB@B@B@B@@BB@@BBB@@BBB@B@B@B@@@BAB@BA@@BAB@@@@@BB@@@@B@@AB@BAB@@@@@D@@@BAB@@A@@@CBABAB@BA@E@AAC@A@@@@AA@AAA@@AAA@@AA@@@A@A@@BA@@@@AA@@@@AA@@AAAA@A@A@A@@AA@A@@AA@@AAA@CBA@ABABABAB@DABAB@BABAB@@ABA@C@A@C@AAKAIAE@EAC@C@CAA@@@A@A@AA@@@@@A@AAA@A@@@A@@@A@@@A@AAA@A@@@@A@A@@BC@@BA@A@ABCAA@A@@AAAAAA@@@AAAAAA@@A@@@C@@@A@ABA@A@ADADCBABAB@B@B@B@B@B@BA@AD@BBB@BA@@@CA@@AAA@AA@@ABABA@ABAB@@A@@A@@@AAAAA@@@@AAACA@AA@@AACACBC@A@@B@@A@A@@@CBABAAA@A@@AA@AA@@AA@AAA@AAA@AA@@@@@@@CAAB@@ABABCBC@C@A@C@C@C@C@ABA@A@AB@@AB@@@B@B@B@BBBAB@BAB@BABAB@B@B@B@@@BBBBB@@@BA@@@A@@@AAA@A@A@ABA@C@A@E@C@C@AAA@A@A@A@A@A@A@ABEBAJIPMBALEDEBEBC@CAEEGACCEACACOGEECCEECEACAA@C@E@CBA@C@E@AECICYM@@@@MGKEKAK@EAEAAAACKWCIDK@G@C@AAGAE@@ACAACC@A@CAE@C@E@CBC@A@CAACECECEACACAA@EBEBCBCBC@E@E@CBC@ABCFCFGBCBAAC@E@ABE@C@G@G@EAECEAC@C@EBCAAA@CACBCBEDABCBA@A@AAAC@CAAAAA@A@@@@@@@C@AA@C@E@CA@@@CBABABCBABC@C@CBA@CB@@A@ACCCCAAAABAB@D@BABAB@@ABC@@@CAC@C@AAAAAA@ABEDEFGBEBCBA@AA@@A@ADEBABCBA@CAC@C@CBCBABAD@DBFDB@B@B@DCDAF@D@DBDBB@@@@CACBC@@@A@CB@@AD@D@BAB@@@AEACCCAAGAC@A@CA@C@AAE@EAAACCACCCECAIE@@AACCAC@C@C@ABAFC@A@A@AAA@@BA@ABC@AAAA@AAACAA@CAAACAC@E@CBABCDCDAFABABA@CACBCDEDEDCDAF@BADA@@BCAIAI@A@@BCFAF@JCBA@EAEAGAEAGCEAQEMCIAK@@@C@C@CAE@GAAACCACAA@GC@ACACEACEAEACACAI@G@E@G@C@I@A@A@GACC@A@AAA@AAACAEA@@@@I@KBG@G@GCAAA@EEEACA@@C@@@IDAD@@GFEDEBGBEBA@@ACCA@CEEGCC@ACCEAEACAAACEAACAC@A@A@EAC@EGAEAAA@A@A@A@C@C@AAC@A@CDABAB@@CB@@ABAAA@AA@ACAC@E@A@@@E@G@E@CAECEAE@A@EBMJABA@AAC@A@A@@BABADA@ABEAC@@@ADCD@BC@A@AACACACAEAMCA@AAAACAC@CBCDABABCB@B@@@B@D@B@BA@ABABABA@A@CCCCCAA@AACAGCCAAAAA@A@AA@AACCCAC@C@A@C@CAAAAAAAAAC@A@A@C@CD@@EBABA@AAECC@C@I@A@AA@ABEAC@CBCBCBA@G@ACA@A@@CEAAA@AC@A@ABAACAEAA@A@A@A@EA@C@E@ABCAEACACAC@CACAECACCAC@CBAB@@EBCBC@ICC@AACCGMA@AAEAIAA@C@CBC@ICEAAAC@CBA@A@A@EDIHCBA@CBC@CACAECC@A@CAAACAA@ECEE@@AACAC@C@E@C@A@A@C@C@AAAA@@AAAAAAAAA@CBC@ABE@CAE@E@E@CAA@CCCEECECCAC@CAE@EAE@C@C@E@AACAEC@CCAA@C@C@E@A@CAECC@EAA@CAEAECEAECE@CAE@EACACAECA@ABC@ABCBCBAACAC@C@E@EBE@CAA@AA@B@B@D@D@D@DBD@BBDDBDBD@DBBB@DBBDDFDHDDDFBBDBBBBAD@DBD@DFBBBFBFBDBFBDDBBDFHHDFDDBBDDB@DBBB@B@FDF@B@DDBBBD@DABADADCDAF@DADBBDBDDDBBDDDBFDDDBBBDDF@DBD@DBFBDBDDBB@D@H@H@D@@@@B@B@B@@DBDBDBFDDBBB@BBB@BBDBBBBBDBDBFDDBBBBB@@@BBDDBBFDB@B@DADADADADBFBB@D@DABAFADAD@BABC@CFBFBD@B@B@DCDAD@FBBAFCHCH@D@D@DDBDBF@BCDCFEHEFAD@B@@GFEHADCF@@C@CBAD@DBDDBFDDBBDDF@FCDCBEDCDAB@BA@@B@B@B@@@@BBB@B@@@@B@BAB@BAB@DBFBB@B@BA@@BE@A@A@A@AA@@@A@A@A@ABAB@@A@A@@AA@@A@A@CDABA@@@A@@AAAAAAA@A@ABA@A@@@@@AA@@@@@CD@@AB@@A@@AA@@A@C@A@@AA@@@@A@@BAB@BA@A@A@A@@AACA@AAAAA@C@A@A@ABABCFADBFABC@GAAA@A@CBCBE@EAAAAAACAABCBCBGBG@G@E@C@EAEACCAACEGACCGCCCEECACAE@A@@BAD@D@F@D@BADCDAFADAD@D@FBFBD@DAFADCFA@CBCBAB@DAD@DBBBBFBFBB@D@D@DADAD@D@B@DBDDB@B@D@BAFAF@DAFBD@D@DAFAD@D@DBB@BD@DBDBD@F@F@D@DBBB@FDFBFB@@B@BBDBBDBBHFLBJBB@L@LAP@JBNHJFDBBB@BA@@BEB@B@F@BABCFC@CDGHABABADAB@BAB@@@BDF@BFDJDFBFBDBD@BAFAD@HEH@D@BBFFJDHBBBBB@B@@@J@F@@DDFDBDAD@BBF@DFFB@@BABCF@BABBBBBBBFDDD@@FDB@BD@@@BABCB@BCDAB@@@BAJAD@DA@ABCDCBADAB@BAB@DBDBBDF@@@BABCBMDGDCDEFCDEF@DADDFBD@DADEDEBABCNEFGHIBMBG@ICAAC@CBABCDCDAFAF@D@DABCDABABCDCDA@ABA@CBA@A@ABABA@@BAFABEFADAFAB@@ADAB@@C@A@@@@BBBBBBDAD@BCDEFCF@B@@CDADCH@FADABCBCBEBEBAB@@IBG@I@EBEDAD@DDDFH@BCH@B@@ABCBCD@B@D@BCDABADCD@DBFDDDFDD@D@D@DADAF@BDDBBB@DBJBDFHJFHD@F@F@B@BD@BDDBBAB@B@B@@@BB@@BB@@@@@@BA@@AA@A@@@A@A@AB@@@BAB@@A@AB@@AA@@@@@C@A@@@@@@A@@@@BAB@@A@A@A@A@A@AAC@AAA@@@A@@@@BA@@@B@@BD@B@BB@@@@BB@@@B@@@@@B@@A@A@A@A@A@@@@@@B@BA@@B@@AB@@ABA@@@A@@@@AA@@@A@A@A@@@A@@@ABA@A@@@A@@@AA@@@A@@@@AA@@@B@@A@@@@BBB@DBB@@@@BBB@B@BA@BB@@@AB@@ABAB@B@@A@@AA@@BA@CB@BABA@@B@@ABABC@@@A@A@A@CBA@ABABCBCBABABA@A@A@CBABAB@@A@@@ABA@AB@B@@@B@BCBADA@@B@@BD@D@@@B@BAB@@CB@BA@@B@@@B@@@BBB@B@@@B@@@B@@AB@BA@@BA@C@@@ABA@A@@@A@CBA@A@A@AAA@@AA@@@ABC@@@AB@@@B@@@BA@@@A@AB@@@BA@@@ABA@A@@@@AA@A@@@A@ABABABAB@BA@AB@@AB@@@@@B@@@BAB@B@BA@@@A@A@@@A@@@@@@@@AB@B@@A@@@A@A@@AA@@@AA@@@@BA@@@@DB@AB@@@@CBAB@@A@@A@@@A@A@@@@@@A@A@@@A@@B@@@BAB@B@B@B@B@B@B@BAB@@AB@@@BA@@B@B@@ABA@@@AB@@@B@DA@@BAB@@@@AB@B@B@@@B@@BB@@@@@B@@@@AB@@@@@@@B@@@@BBB@DBDD@BB@HJDJDBDAFEDKFAF@F@HFFH@JDBD@LCB@BBBBB@B@B@B@H@H@HFDDLFBDBBAD@DBDFFBBB@BADAB@B@BB@B@@B@B@BCBABAB@BBBF@BABCDCB@BBBF@D@FADAHA@@@@BAD@BAFCDEDAFCDABCBC@AD@F@F@FABAAAECCCBAD@FAFBDBDBDBD@@@FDDBB@DBD@B@B@F@D@DBD@B@B@D@BBB@B@BB@B@BBB@D@BAD@BBD@B@B@DBB@BJDR@HAFBDDB@DDBDFLTZHD@BDBBBBD@BBBBB@B@B@B@BB@@BB@@@HRLRNPfVTFPJVLTNHDZCBCB@DADABAB@BCB@BC@CBA@ADAZGPAL@PDRJRP@D@DBD@D@DABABC@A@A@CHELCH@FDLNHDDB@FDDBBDDB@BBBDBBDBBBDBDDDBDBD@BBF@DBHABADABAD@BAD@BAF@DAD@BCFABAB@BCBABEBAB@B@B@@@BBDBB@@DDDD@BBB@BBF@B@DBB@@BDDFBFDDBDBHBBBFDFBD@BBDDFFFNFLDN@JBHDBDD@HDFB@@BBCDAF@@ABDDDBDB@@B@B@DAHADAHI@@BAF@BA@AB@@C@AB@@AB@DA@@@@BABEBCDEBEBCBADE@ABABAFE@@B@B@BA@@BA@@BA@@@@@A@A@@@@AA@@@A@@@AB@@AB@BAB@BAB@@AD@@ABAB@@@BA@@@ABA@@AA@@@@@A@@AA@@@@@CBCBCBCBABCBAB@BABAB@HC@@B@BABAB@BABAD@@@D@B@B@B@DABADABABA@ABA@ABC@C@C@A@@AAMG@A@A@@AA@AA@@A@@A@@@@AA@@A@@AA@A@A@ABA@ABADABCDABA@AB@BA@CBA@@@C@ABC@A@A@C@A@AAA@@@CF@DAB@B@B@B@BBBBBB@@@BB@BBBB@@DBBDBBB@DDBDDAB@D@HADAB@@@B@@ADAD@BADAB@BAB@B@B@B@B@BBFBD@DB@@B@B@@@B@DBB@B@BDDDBBB@B@B@B@B@@ADADCDABAB@B@@@D@DBB@B@BB@@DBDFDDB@@BB@@@B@"],"encodeOffsets":[[114161,29992]]}},{"type":"Feature","id":"430726","properties":{"name":"石门县","cp":[111.379087,29.584703],"childNum":1},"geometry":{"type":"Polygon","coordinates":["@@BABCBAB@D@B@D@D@BABABABABEBEBCDEBEBC@A@A@ABABAB@@@B@F@B@BB@@BAB@@@BA@@@@@@D@F@B@BBD@@@@@B@DA@@@A@@B@DCB@B@@@BABADABA@@@C@A@AAEAA@@@A@A@CBA@AB@BCBABABA@A@@BA@@B@D@BA@@B@@@B@BA@@B@@@@AB@@@BCBABC@AB@@@@ABAB@@@@@B@@@BBDD@B@@@@@B@@@@@B@@B@B@@@B@@ABA@@BAB@@A@@BA@@@ADA@@BA@@@A@@@@AAAA@@@A@A@@@@BA@@B@B@B@BAB@B@@A@A@@@C@@@A@@@A@AB@@AB@@ABEDIBA@@C@A@EC@AAACACAE@EAEAEAEAECCCAA@AAAEAE@@@ABCAA@CBA@A@A@ABABA@ABAD@@A@A@A@EA@@ACIEIACAC@EAA@CBCBC@E@GC@@EEEACBC@C@A@CBG@E@E@E@A@C@C@A@CAA@A@AA@@AA@ABABABADABABG@EBE@CBE@CDGDGAGAAAC@EDGDEFEBA@EAI@G@A@C@A@@HGDANGFCDEHIDCHAL@HDLJBFFFDBB@DABE@GB@FADDFAFEDCFCDADABGDGBADCFC@ADEDEBG@CCE@AAAAAAA@A@CBC@C@AACKGGECECE@ABCD@VAL@J@H@FBFBF@D@F@DABCDA@EAE@@@ABCDCFEBABABCBCBCBADAD@DAFCBE@G@E@E@AAABA@AF@DD@@FBFBDBDBBBD@BBFBDBFDDBDBDDDBD@DBD@D@D@BCBCBG@ABA@CDGBCDCBEBCBA@@FAB@B@BBDBBBDBBBD@B@B@D@@@B@@@AC@AAE@C@AHO@GAEECC@AAA@AA@A@C@ADABCBABCBADABABABCDCDADAD@DAD@BADAFADABAD@BABADABABABABABADABCDCBADCDABADCBADCBAFEDAFABABAB@@A@@DABCACAAAAAG@A@C@E@A@A@C@ABCFGDKBC@@@CBG@CDABAB@DABEBCBABADAD@DBDBDBBBBBBBD@D@D@BAB@BABABAAEAAAA@AAA@E@G@C@AAE@@@AAA@@A@@@A@@@@B@BAD@B@@CBAB@@A@@@A@A@AAA@AA@@AAC@A@AAABA@@@ABA@ABA@@@C@CACCAAECAACCCAAAECA@CCAAA@@AA@@@BA@@B@FBDBBBB@DDB@B@BA@A@CCE@@@@AC@CBAHAB@HAD@B@FBBAB@DA@C@EAGEECACACAACACAACAAA@@A@A@ABCBCBABA@ABA@ABA@@@AB@@AB@BAB@B@BABALADA@ADCBEBCBAHADCBC@ECCA@CACAAA@@AA@@@@A@@@@DADABAFAFEBEBE@G@ABC@CA@C@@@A@C@CBA@A@A@A@@ACC@CBABADAFAFAD@F@BBH@D@FAD@D@F@BADA@A@CAC@C@@@C@E@A@CBC@ABE@C@@FGLQDKAQKOBC@C@C@CCCC@E@AA@CCKBGBCBADDHDDAHAB@B@DCCA@A@@A@@A@@AA@A@@@AB@@A@@@A@@AA@@A@@@A@A@A@AA@@A@@@@A@@@ABA@@@A@@AA@@AA@@AAAAAAA@AAA@CAACA@AAAAAAAA@A@A@AB@BA@@BA@@@A@@@A@@@A@A@@AA@AA@A@@AA@@@AAA@@@BGFG@CKOA@CEAACEGICAGBABOBI@KDKHEFEBG@EAAC@EDGJGBE@CACECAAAGAGBEBEBC@AEACA@EBATDPBJAJ@BF@JX`HFJDH@NILEBCD@FADAD@D@@A@BB@H@B@BAAA@AAA@ABCBA@@F@HBD@B@DA@AACCC@ABAB@DBDBB@BBB@B@BC@C@EAAEAA@A@AAACAEACCCAAAA@C@ABABEA@GAAAC@AAEE@@@@A@C@ADAB@@AAAAA@@AA@@AA@AA@@@@AA@@A@A@CBAAA@@@A@A@AAA@A@@AA@@AAA@AA@@@AAA@A@@@A@@@A@@CB@LAA@@@A@@AA@CCCECA@@AAA@A@CAC@@@A@A@ABCBCDCB@BA@A@A@A@A@AACCACA@A@CAA@@@A@A@@@CAC@EAAAA@A@A@A@A@ABA@CBABC@CB@BA@@@A@CBGBC@A@CBACCCA@AAACCA@@AAAAA@@A@@AAAAAAA@A@A@A@CBE@@D@@BB@B@B@D@B@BAD@B@D@@AB@DABA@@BABCBADCBAB@BAB@B@B@BBB@@@BB@@B@@B@@@@BB@@BBB@@@B@BNHBB@@@B@D@DAD@BAB@BABABCBABCBA@A@A@C@@@C@ABABA@ABABA@@@GDA@ABABA@ABADABADADAD@D@@@@BB@@@B@@@@BB@@AB@B@@AB@@A@AB@BC@@BA@ABA@ABA@@BA@@B@@@B@@BB@@@@@B@B@@@@AB@@AB@@ABA@A@@@EFABAB@BCFABADAFCFADAFAB@@@@CBA@@BA@@B@DA@@BABE@AB@@GJCBGBCBA@A@@@CACACCEBCBAFBFDDFDFBNDHD@B@B@BBB@@BB@@BB@@BBB@BBBB@@BB@BBD@BB@BB@@D@@BB@B@BB@BB@@FBBBB@D@@@@@B@@A@@@ABA@@@@B@@@DAB@DAB@@ABABADCB@BABAD@D@B@D@BBBBD@BBDBFB@BDBDDDBDBDBBBBBBDBDBDB@D@BABABC@ABAB@BAB@DAB@B@B@D@B@DABABCDCBAD@BCB@D@B@B@B@B@B@D@@AD@B@BADABABA@@@A@@@C@CAC@E@EDA@AB@BABBB@B@@BB@BB@BB@BBB@BADA@ABABCDCBADCB@@A@@@C@AAA@CAA@@@@BA@@@AB@B@BAD@DAB@@@BAD@BADADADABABAB@BAD@BA@@@C@A@A@C@AAA@@BA@AB@BAB@@ADCBC@@@A@A@CB@@@B@@BB@@@B@BB@@D@BBB@@@B@B@@@BA@@BA@@BA@A@A@C@A@A@C@C@A@CBC@CBE@CBA@C@A@A@A@A@@@A@A@AA@@A@AAA@AAA@EAC@A@@BA@ABC@@@A@@@C@CACAA@C@A@A@C@C@C@A@A@EBC@C@ABC@A@C@C@AAC@AAC@AACAC@AAGCC@A@ABC@ABAB@@@D@@@@@B@B@BAB@@ABABABA@ABC@ABA@A@ABC@A@A@A@C@C@A@CAA@C@C@A@A@@BA@@BABA@ABA@ABC@ABA@A@CBC@A@A@C@C@CBC@E@C@CBC@CBC@CBC@A@CBA@E@C@AAC@E@C@GAE@A@ABA@@BAB@D@BAD@B@B@BBD@BAB@B@BADABABABABA@ABCBA@ABA@A@A@C@A@C@ABA@@B@@@B@@BBBB@@BB@@B@B@BBB@@BBBBB@D@@@DAB@B@@@BAB@DCD@BAB@BABA@@@ABA@A@A@E@A@C@CBA@AAC@A@A@AAA@A@C@A@C@A@A@A@GAC@C@ABGFCFCBCBC@E@C@C@GBK@C@@@A@CAAACAC@CAE@CACAAAACC@C@EBE@EBEBC@A@AB@B@D@B@@CDGBaJGBGBI@CBA@E@EAIAE@G@EDCBADADCDC@ABC@ABE@EACACACACAA@@@MEKCQEKEQDKB[C@BGBA@E@EAG@EAEA@D@D@D@F@D@B@D@D@FAF@F@F@DAF@BAB@BABEACACCCACAAAECACCCACCCACA@@@AAA@AACCAA@ACCC@CAAAAAA@C@CBCBGBEFGDEBEDEDEBGBE@GDGBGBEBE@CBEDCDADCDADAD@FAFBF@DBD@DAD@DCDCDCDCBE@EBCBE@C@CBA@ABCB@DADCHDDDBDFBDDFDD@DBD@DADADAFCFADABCDCHADCD@D@JADADCFAFAFCHCDAFCDCDCBCBCBA@AB@B@B@BA@C@A@@@AAA@AB@B@@@BABA@EACAC@CAA@ECA@CACBA@ADAFADAB@DC@GBI@G@E@C@C@C@ABABAD@FAHAH@FABADADCDCDCDADCD@DBBBDBDBD@D@F@DADABCDEDCBCDCBE@CAAACA@@A@A@CBABADCBCBABE@C@C@C@AB@@@B@DFDDDDDBBDD@H@F@HAH@F@FBD@BDDDBBBBD@F@D@DBDDDDBHFHDFDBBFFDDDBFBFBJBFBBBFFBDBB@BADCDCBCDAD@B@@CDEBEBIBG@G@IAG@CBEDIDKFEDGDCDCDCFDDBDFBDDBD@D@@ABADCFAHHP@DEF@B@@BBH@BADCBABAD@LDFBFDBHD@D@DBFB@@D@DAH@FAFADAFAFAB@DBDBF@BBDABABABAF@BBBDBBBBD@F@DAB@B@FAD@D@FAD@DAFAH@FBFDDBJBDBFDDBH@DBFDDDFBDDFDFBHDFBDBD@FADABEBCB@HCLEHCD@FAF@BADCBA@@@CAAA@AAAA@@@@@A@@BA@@@@@@@@BAB@@@BABA@@BA@ABA@@BAB@@@FG@@DAFCFCHCDADAF@HFFDFDFBFBF@DAFAFBFBFDHDHHFHBB@D@BAD@DAF@HBP@HBD@B@@CBEDEF@HDHFJAHIFCDBF@@FBFBHDFBHBFBHBFAH@HBH@HAFAHAFCFAD@BBBBDBFDDDBD@DBBF@F@F@HAF@DAJCB@F@DBFBFDF@DABADCBEBABAH@FCDAFAF@J@L@HADAFABAH@FBFBF@HBF@J@F@D@BC@AACBGAEBCBC@E@EAIAI@GA@BCBCBA@C@A@A@ABCBADABA@BF@F@DAFCH@HAF@HBHBH@HABAFAF@H@D@FAD@H@H@HBD@F@DABCBCD@BAJ@F@FAHAHAFAD@B@D@J@FAD@H@F@H@H@D@F@D@D@DAD@D@D@BBDBF@D@F@D@D@FAF@D@D@F@HAB@FAH@HAFAD@DBH@H@HAH@F@F@FAB@D@DAD@DBF@D@D@FAD@FADAF@B@@B@BBDB@D@FADAF@FAD@HAD@H@D@DBD@D@F@HAHAF@J@JBF@F@@@BA"],"encodeOffsets":[[113914,30761]]}}],"UTF8Encoding":true}